0.192	0.384	s
0.384	0.5760000000000001	s
0.5760000000000001	0.768	s
0.768	0.96	s
0.96	1.1520000000000001	s
1.1520000000000001	1.344	s
1.344	1.536	s
1.536	1.728	s
1.728	1.92	s
1.92	2.112	s
2.112	2.3040000000000003	s
2.3040000000000003	2.496	s
2.496	2.688	s
2.688	2.88	s
2.88	3.072	s
4.6080000000000005	4.8	s
4.8	4.992	s
4.992	5.184	s
5.184	5.376	s
5.376	5.5680000000000005	s
5.5680000000000005	5.76	s
5.76	5.952	s
5.952	6.144	s
6.144	6.336	s
11.712	11.904	s
11.904	12.096	s
12.096	12.288	s
12.288	12.48	s
12.48	12.672	s
27.648	27.84	s
27.84	28.032	s
28.032	28.224	s
28.224	28.416	s
28.416	28.608	s
28.608	28.8	s
28.8	28.992	s
28.992	29.184	s
29.184	29.376	s
29.376	29.568	s
29.568	29.76	s
29.76	29.952	s
29.952	30.144000000000002	s
30.144000000000002	30.336000000000002	s
30.336000000000002	30.528000000000002	s
30.528000000000002	30.72	s
30.72	30.912	s
30.912	31.104	s
31.104	31.296	s
31.296	31.488	s
31.488	31.68	s
31.68	31.872	s
35.136	35.328	s
35.328	35.52	s
35.52	35.712	s
35.712	35.904	s
35.904	36.096000000000004	s
36.096000000000004	36.288000000000004	s
36.288000000000004	36.480000000000004	s
36.480000000000004	36.672000000000004	s
37.44	37.632	s
37.632	37.824	s
37.824	38.016	s
38.016	38.208	s
40.512	40.704	s
40.704	40.896	s
40.896	41.088	s
41.088	41.28	s
41.28	41.472	s
41.472	41.664	s
41.664	41.856	s
44.928000000000004	45.12	m
45.12	45.312	m
45.312	45.504	m
45.504	45.696	m
45.696	45.888	m
45.888	46.08	m
46.08	46.272	m
46.272	46.464	m
46.464	46.656	m
46.656	46.848	m
46.848	47.04	m
47.04	47.232	m
47.232	47.424	m
47.424	47.616	m
47.616	47.808	m
47.808	48.0	m
48.0	48.192	m
48.192	48.384	m
48.384	48.576	m
48.576	48.768	m
48.576	48.768	s
48.768	48.96	m
48.768	48.96	s
48.96	49.152	m
48.96	49.152	s
49.152	49.344	m
49.152	49.344	s
49.344	49.536	m
49.344	49.536	s
49.536	49.728	m
49.536	49.728	s
49.728	49.92	m
49.92	50.112	m
50.112	50.304	m
50.304	50.496	m
50.496	50.688	m
50.688	50.88	m
50.88	51.072	m
51.072	51.264	m
51.264	51.456	m
51.456	51.648	m
51.648	51.84	m
51.84	52.032000000000004	m
51.84	52.032000000000004	s
52.032000000000004	52.224000000000004	m
52.032000000000004	52.224000000000004	s
52.224000000000004	52.416000000000004	m
52.224000000000004	52.416000000000004	s
52.416000000000004	52.608000000000004	m
52.416000000000004	52.608000000000004	s
52.608000000000004	52.800000000000004	m
52.608000000000004	52.800000000000004	s
52.800000000000004	52.992000000000004	m
52.800000000000004	52.992000000000004	s
52.992000000000004	53.184000000000005	m
52.992000000000004	53.184000000000005	s
53.184000000000005	53.376	m
53.184000000000005	53.376	s
53.376	53.568	m
53.376	53.568	s
53.568	53.76	m
53.568	53.76	s
53.76	53.952	m
53.76	53.952	s
53.952	54.144	m
53.952	54.144	s
54.144	54.336	m
54.336	54.528	m
54.528	54.72	m
54.72	54.912	m
54.912	55.104	m
55.104	55.296	m
55.296	55.488	m
55.488	55.68	m
55.68	55.872	m
55.872	56.064	m
56.064	56.256	m
56.256	56.448	m
56.448	56.64	m
56.64	56.832	m
56.832	57.024	m
57.024	57.216	m
57.216	57.408	m
57.408	57.6	m
57.6	57.792	m
57.6	57.792	s
57.792	57.984	m
57.792	57.984	s
57.984	58.176	m
57.984	58.176	s
58.176	58.368	m
58.176	58.368	s
58.368	58.56	m
58.368	58.56	s
58.56	58.752	m
58.56	58.752	s
58.752	58.944	m
58.752	58.944	s
58.944	59.136	m
58.944	59.136	s
59.136	59.328	m
59.136	59.328	s
59.328	59.52	m
59.328	59.52	s
59.52	59.712	m
59.52	59.712	s
59.712	59.904	m
59.712	59.904	s
59.904	60.096000000000004	m
59.904	60.096000000000004	s
60.096000000000004	60.288000000000004	m
60.096000000000004	60.288000000000004	s
60.288000000000004	60.480000000000004	m
60.288000000000004	60.480000000000004	s
60.480000000000004	60.672000000000004	m
60.480000000000004	60.672000000000004	s
60.672000000000004	60.864000000000004	m
60.672000000000004	60.864000000000004	s
60.864000000000004	61.056000000000004	m
60.864000000000004	61.056000000000004	s
61.056000000000004	61.248000000000005	m
61.056000000000004	61.248000000000005	s
61.248000000000005	61.44	m
61.44	61.632	m
61.632	61.824	m
61.824	62.016	m
62.016	62.208	m
62.016	62.208	s
62.208	62.4	m
62.208	62.4	s
62.4	62.592	m
62.4	62.592	s
62.592	62.784	m
62.592	62.784	s
62.784	62.976	m
62.784	62.976	s
62.976	63.168	m
62.976	63.168	s
63.168	63.36	m
63.168	63.36	s
63.36	63.552	m
63.36	63.552	s
63.552	63.744	m
63.552	63.744	s
63.744	63.936	m
63.744	63.936	s
63.936	64.128	m
63.936	64.128	s
64.128	64.32000000000001	m
64.128	64.32000000000001	s
64.32000000000001	64.512	m
64.32000000000001	64.512	s
64.512	64.70400000000001	m
64.70400000000001	64.896	m
64.896	65.08800000000001	m
64.896	65.08800000000001	s
65.08800000000001	65.28	m
65.08800000000001	65.28	s
65.28	65.47200000000001	m
65.28	65.47200000000001	s
65.47200000000001	65.664	m
65.47200000000001	65.664	s
65.664	65.856	m
65.664	65.856	s
65.856	66.048	m
65.856	66.048	s
66.048	66.24	m
66.048	66.24	s
66.24	66.432	m
66.24	66.432	s
66.432	66.624	m
66.432	66.624	s
66.624	66.816	m
66.624	66.816	s
66.816	67.008	m
66.816	67.008	s
67.008	67.2	m
67.008	67.2	s
67.2	67.392	m
67.2	67.392	s
67.392	67.584	m
67.392	67.584	s
67.584	67.776	m
67.584	67.776	s
67.776	67.968	m
67.776	67.968	s
67.968	68.16	m
67.968	68.16	s
68.16	68.352	m
68.16	68.352	s
68.352	68.544	m
68.352	68.544	s
68.544	68.736	m
68.544	68.736	s
68.736	68.928	m
68.736	68.928	s
68.928	69.12	m
68.928	69.12	s
69.12	69.312	m
69.312	69.504	m
69.504	69.696	m
69.696	69.888	m
69.888	70.08	m
70.08	70.272	m
70.272	70.464	m
70.464	70.656	m
70.464	70.656	s
70.656	70.848	m
70.656	70.848	s
70.848	71.04	m
70.848	71.04	s
71.04	71.232	m
71.04	71.232	s
71.232	71.424	m
71.232	71.424	s
71.424	71.616	m
71.424	71.616	s
71.616	71.808	m
71.616	71.808	s
71.808	72.0	m
71.808	72.0	s
72.0	72.19200000000001	m
72.0	72.19200000000001	s
72.19200000000001	72.384	m
72.19200000000001	72.384	s
72.384	72.57600000000001	m
72.384	72.57600000000001	s
72.57600000000001	72.768	m
72.57600000000001	72.768	s
72.768	72.96000000000001	m
72.96000000000001	73.152	m
73.152	73.34400000000001	m
73.34400000000001	73.536	m
73.536	73.72800000000001	m
73.536	73.72800000000001	s
73.72800000000001	73.92	m
73.72800000000001	73.92	s
73.92	74.112	m
73.92	74.112	s
74.112	74.304	m
74.112	74.304	s
74.304	74.496	m
74.304	74.496	s
74.496	74.688	m
74.496	74.688	s
74.688	74.88	m
74.688	74.88	s
74.88	75.072	m
74.88	75.072	s
75.072	75.264	m
75.072	75.264	s
75.264	75.456	m
75.264	75.456	s
75.456	75.648	m
75.648	75.84	m
75.84	76.032	m
76.032	76.224	m
76.224	76.416	m
76.224	76.416	s
76.416	76.608	m
76.416	76.608	s
76.608	76.8	m
76.608	76.8	s
76.8	76.992	m
76.8	76.992	s
76.992	77.184	m
76.992	77.184	s
77.184	77.376	m
77.184	77.376	s
77.376	77.568	m
77.376	77.568	s
77.568	77.76	m
77.568	77.76	s
77.76	77.952	m
77.76	77.952	s
77.952	78.144	m
77.952	78.144	s
78.144	78.336	m
78.336	78.528	m
78.528	78.72	m
78.72	78.912	m
78.912	79.104	m
78.912	79.104	s
79.104	79.296	m
79.104	79.296	s
79.296	79.488	m
79.296	79.488	s
79.488	79.68	m
79.488	79.68	s
79.68	79.872	m
79.68	79.872	s
79.872	80.06400000000001	m
80.06400000000001	80.256	m
80.256	80.44800000000001	m
80.44800000000001	80.64	m
80.64	80.83200000000001	m
80.83200000000001	81.024	m
81.024	81.21600000000001	m
81.21600000000001	81.408	m
81.408	81.60000000000001	m
81.60000000000001	81.792	m
81.792	81.984	m
81.984	82.176	m
81.984	82.176	s
82.176	82.368	m
82.176	82.368	s
82.368	82.56	m
82.368	82.56	s
82.56	82.752	m
82.56	82.752	s
82.752	82.944	m
82.752	82.944	s
82.944	83.136	m
82.944	83.136	s
83.136	83.328	m
83.136	83.328	s
83.328	83.52	m
83.328	83.52	s
83.52	83.712	m
83.52	83.712	s
83.712	83.904	m
83.712	83.904	s
83.904	84.096	m
84.096	84.288	m
84.288	84.48	m
84.48	84.672	m
84.672	84.864	m
84.864	85.056	m
85.056	85.248	m
85.056	85.248	s
85.248	85.44	m
85.248	85.44	s
85.44	85.632	m
85.44	85.632	s
85.632	85.824	m
85.632	85.824	s
85.824	86.016	m
85.824	86.016	s
86.016	86.208	m
86.016	86.208	s
86.208	86.4	m
86.208	86.4	s
86.4	86.592	m
86.4	86.592	s
86.592	86.784	m
86.784	86.976	m
86.784	86.976	s
86.976	87.168	m
86.976	87.168	s
87.168	87.36	m
87.168	87.36	s
87.36	87.552	m
87.36	87.552	s
87.552	87.744	m
87.552	87.744	s
87.744	87.936	m
87.744	87.936	s
87.936	88.128	m
87.936	88.128	s
88.128	88.32000000000001	m
88.128	88.32000000000001	s
88.32000000000001	88.512	m
88.32000000000001	88.512	s
88.512	88.70400000000001	m
88.512	88.70400000000001	s
88.70400000000001	88.896	m
88.70400000000001	88.896	s
88.896	89.08800000000001	m
89.08800000000001	89.28	m
89.28	89.47200000000001	m
89.47200000000001	89.664	m
89.47200000000001	89.664	s
89.664	89.85600000000001	m
89.664	89.85600000000001	s
89.85600000000001	90.048	m
89.85600000000001	90.048	s
90.048	90.24	m
90.048	90.24	s
90.24	90.432	m
90.24	90.432	s
90.432	90.624	m
90.432	90.624	s
90.624	90.816	m
90.624	90.816	s
90.816	91.008	m
90.816	91.008	s
91.008	91.2	m
91.008	91.2	s
91.2	91.392	m
91.2	91.392	s
91.392	91.584	m
91.392	91.584	s
91.584	91.776	m
91.584	91.776	s
91.776	91.968	m
91.776	91.968	s
91.968	92.16	m
92.16	92.352	m
92.352	92.544	m
92.544	92.736	m
92.736	92.928	m
92.736	92.928	s
92.928	93.12	m
92.928	93.12	s
93.12	93.312	m
93.12	93.312	s
93.312	93.504	m
93.312	93.504	s
93.504	93.696	m
93.504	93.696	s
93.696	93.888	m
93.696	93.888	s
93.888	94.08	m
93.888	94.08	s
94.08	94.272	m
94.08	94.272	s
94.272	94.464	m
94.272	94.464	s
94.464	94.656	m
94.464	94.656	s
94.656	94.848	m
94.656	94.848	s
94.848	95.04	m
94.848	95.04	s
95.04	95.232	m
95.04	95.232	s
95.232	95.424	m
95.232	95.424	s
95.424	95.616	m
95.424	95.616	s
95.616	95.808	m
95.616	95.808	s
95.808	96.0	m
95.808	96.0	s
96.0	96.19200000000001	m
96.0	96.19200000000001	s
96.19200000000001	96.384	m
96.19200000000001	96.384	s
96.384	96.57600000000001	m
96.384	96.57600000000001	s
96.57600000000001	96.768	m
96.57600000000001	96.768	s
96.768	96.96000000000001	m
96.96000000000001	97.152	m
97.152	97.34400000000001	m
97.34400000000001	97.536	m
97.536	97.72800000000001	m
97.72800000000001	97.92	m
97.92	98.11200000000001	m
98.11200000000001	98.304	m
98.304	98.496	m
98.496	98.688	m
98.688	98.88	m
98.88	99.072	m
99.072	99.264	m
99.264	99.456	m
99.456	99.648	m
99.648	99.84	m
99.84	100.032	m
100.032	100.224	m
100.224	100.416	m
100.416	100.608	m
100.608	100.8	m
100.8	100.992	m
100.992	101.184	m
101.184	101.376	m
101.376	101.568	m
101.568	101.76	m
101.76	101.952	m
101.952	102.144	m
102.144	102.336	m
102.336	102.528	m
102.528	102.72	m
102.72	102.912	m
102.912	103.104	m
102.912	103.104	s
103.104	103.296	m
103.104	103.296	s
103.296	103.488	m
103.296	103.488	s
103.488	103.68	m
103.488	103.68	s
103.68	103.872	m
103.68	103.872	s
103.872	104.06400000000001	m
103.872	104.06400000000001	s
104.06400000000001	104.256	m
104.256	104.44800000000001	m
104.44800000000001	104.64	m
104.64	104.83200000000001	m
104.83200000000001	105.024	m
105.024	105.21600000000001	m
105.21600000000001	105.408	m
105.408	105.60000000000001	m
105.60000000000001	105.792	m
105.792	105.98400000000001	m
105.98400000000001	106.176	m
106.176	106.36800000000001	m
106.36800000000001	106.56	m
106.56	106.752	m
106.752	106.944	m
106.752	106.944	s
106.944	107.136	m
106.944	107.136	s
107.136	107.328	m
107.136	107.328	s
107.328	107.52	m
107.328	107.52	s
107.52	107.712	m
107.52	107.712	s
107.712	107.904	m
107.712	107.904	s
107.904	108.096	m
107.904	108.096	s
108.096	108.288	m
108.288	108.48	m
108.48	108.672	m
108.672	108.864	m
108.864	109.056	m
109.056	109.248	m
109.248	109.44	m
109.44	109.632	m
109.632	109.824	m
109.824	110.016	m
110.016	110.208	m
110.016	110.208	s
110.208	110.4	m
110.208	110.4	s
110.4	110.592	m
110.4	110.592	s
110.592	110.784	m
110.592	110.784	s
110.784	110.976	m
110.784	110.976	s
110.976	111.168	m
110.976	111.168	s
111.168	111.36	m
111.168	111.36	s
111.36	111.552	m
111.36	111.552	s
111.552	111.744	m
111.552	111.744	s
111.744	111.936	m
111.744	111.936	s
111.936	112.128	m
112.128	112.32000000000001	m
112.128	112.32000000000001	s
112.32000000000001	112.512	m
112.32000000000001	112.512	s
112.512	112.70400000000001	m
112.512	112.70400000000001	s
112.70400000000001	112.896	m
112.70400000000001	112.896	s
112.896	113.08800000000001	m
112.896	113.08800000000001	s
113.08800000000001	113.28	m
113.08800000000001	113.28	s
113.28	113.47200000000001	m
113.28	113.47200000000001	s
113.47200000000001	113.664	m
113.47200000000001	113.664	s
113.664	113.85600000000001	m
113.664	113.85600000000001	s
113.85600000000001	114.048	m
113.85600000000001	114.048	s
114.048	114.24000000000001	m
114.24000000000001	114.432	m
114.432	114.62400000000001	m
114.62400000000001	114.816	m
114.816	115.008	m
115.008	115.2	m
115.2	115.392	m
115.392	115.584	m
115.392	115.584	s
115.584	115.776	m
115.584	115.776	s
115.776	115.968	m
115.776	115.968	s
115.968	116.16	m
115.968	116.16	s
116.16	116.352	m
116.16	116.352	s
116.352	116.544	m
116.352	116.544	s
116.544	116.736	m
116.544	116.736	s
116.736	116.928	m
116.736	116.928	s
116.928	117.12	m
116.928	117.12	s
117.12	117.312	m
117.12	117.312	s
117.312	117.504	m
117.504	117.696	m
117.696	117.888	m
117.888	118.08	m
118.08	118.272	m
118.272	118.464	m
118.464	118.656	m
118.656	118.848	m
118.656	118.848	s
118.848	119.04	m
118.848	119.04	s
119.04	119.232	m
119.04	119.232	s
119.232	119.424	m
119.232	119.424	s
119.424	119.616	m
119.424	119.616	s
119.616	119.808	m
119.616	119.808	s
119.808	120.0	m
119.808	120.0	s
120.0	120.19200000000001	m
120.0	120.19200000000001	s
120.19200000000001	120.384	m
120.19200000000001	120.384	s
120.384	120.57600000000001	m
120.384	120.57600000000001	s
120.57600000000001	120.768	m
120.57600000000001	120.768	s
120.768	120.96000000000001	m
120.96000000000001	121.152	m
121.152	121.34400000000001	m
121.34400000000001	121.536	m
121.536	121.72800000000001	m
121.72800000000001	121.92	m
121.92	122.11200000000001	m
122.11200000000001	122.304	m
122.304	122.49600000000001	m
122.49600000000001	122.688	m
122.688	122.88	m
122.688	122.88	s
122.88	123.072	m
122.88	123.072	s
123.072	123.264	m
123.072	123.264	s
123.264	123.456	m
123.264	123.456	s
123.456	123.648	m
123.456	123.648	s
123.648	123.84	m
123.648	123.84	s
123.84	124.032	m
123.84	124.032	s
124.032	124.224	m
124.032	124.224	s
124.224	124.416	m
124.416	124.608	m
124.608	124.8	m
124.8	124.992	m
124.992	125.184	m
125.184	125.376	m
125.376	125.568	m
125.376	125.568	s
125.568	125.76	m
125.568	125.76	s
125.76	125.952	m
125.76	125.952	s
125.952	126.144	m
125.952	126.144	s
126.144	126.336	m
126.144	126.336	s
126.336	126.528	m
126.336	126.528	s
126.528	126.72	m
126.528	126.72	s
126.72	126.912	m
126.72	126.912	s
126.912	127.104	m
126.912	127.104	s
127.104	127.296	m
127.104	127.296	s
127.296	127.488	m
127.296	127.488	s
127.488	127.68	m
127.488	127.68	s
127.68	127.872	m
127.68	127.872	s
127.872	128.064	m
128.064	128.256	m
128.064	128.256	s
128.256	128.448	m
128.256	128.448	s
128.448	128.64000000000001	m
128.448	128.64000000000001	s
128.64000000000001	128.832	m
128.64000000000001	128.832	s
128.832	129.024	m
128.832	129.024	s
129.024	129.216	m
129.024	129.216	s
129.216	129.40800000000002	m
129.216	129.40800000000002	s
129.40800000000002	129.6	m
129.40800000000002	129.6	s
129.6	129.792	m
129.6	129.792	s
129.792	129.984	m
129.792	129.984	s
129.984	130.17600000000002	m
129.984	130.17600000000002	s
130.17600000000002	130.368	m
130.368	130.56	m
130.56	130.752	m
130.752	130.94400000000002	m
130.94400000000002	131.136	m
131.136	131.328	m
131.328	131.52	m
131.52	131.712	m
131.712	131.904	m
131.904	132.096	m
132.096	132.288	m
132.288	132.48	m
132.288	132.48	s
132.48	132.672	m
132.48	132.672	s
132.672	132.864	m
132.672	132.864	s
132.864	133.056	m
132.864	133.056	s
133.056	133.248	m
133.056	133.248	s
133.248	133.44	m
133.44	133.632	m
133.632	133.824	m
133.824	134.016	m
134.016	134.208	m
134.208	134.4	m
134.4	134.592	m
134.592	134.784	m
134.784	134.976	m
134.976	135.168	m
135.168	135.36	m
135.36	135.552	m
135.552	135.744	m
135.744	135.936	m
135.936	136.12800000000001	m
136.12800000000001	136.32	m
136.32	136.512	m
136.512	136.704	m
136.704	136.89600000000002	m
136.89600000000002	137.088	m
136.89600000000002	137.088	s
137.088	137.28	m
137.088	137.28	s
137.28	137.472	m
137.28	137.472	s
137.472	137.66400000000002	m
137.472	137.66400000000002	s
137.66400000000002	137.856	m
137.66400000000002	137.856	s
137.856	138.048	m
137.856	138.048	s
138.048	138.24	m
138.048	138.24	s
138.24	138.43200000000002	m
138.24	138.43200000000002	s
138.43200000000002	138.624	m
138.43200000000002	138.624	s
138.624	138.816	m
138.624	138.816	s
138.816	139.008	m
138.816	139.008	s
139.008	139.20000000000002	m
139.20000000000002	139.392	m
139.392	139.584	m
139.584	139.776	m
139.776	139.968	m
139.968	140.16	m
140.16	140.352	m
140.352	140.544	m
140.544	140.736	m
140.736	140.928	m
140.928	141.12	m
141.12	141.312	m
141.312	141.504	m
141.504	141.696	m
141.696	141.888	m
141.888	142.08	m
142.08	142.272	m
142.272	142.464	m
142.464	142.656	m
142.656	142.848	m
142.848	143.04	m
142.848	143.04	s
143.04	143.232	m
143.04	143.232	s
143.232	143.424	m
143.232	143.424	s
143.424	143.616	m
143.424	143.616	s
143.616	143.808	m
143.616	143.808	s
143.808	144.0	m
143.808	144.0	s
144.0	144.192	m
144.0	144.192	s
144.192	144.38400000000001	m
144.38400000000001	144.576	m
144.576	144.768	m
144.768	144.96	m
144.96	145.15200000000002	m
145.15200000000002	145.344	m
145.344	145.536	m
145.536	145.728	m
145.728	145.92000000000002	m
145.92000000000002	146.112	m
146.112	146.304	m
146.304	146.496	m
146.496	146.68800000000002	m
146.68800000000002	146.88	m
146.88	147.072	m
147.072	147.264	m
147.264	147.45600000000002	m
147.45600000000002	147.648	m
147.648	147.84	m
147.84	148.032	m
148.032	148.224	m
148.224	148.416	m
148.416	148.608	m
148.608	148.8	m
148.8	148.992	m
148.992	149.184	m
149.184	149.376	m
149.376	149.568	m
149.568	149.76	m
149.76	149.952	m
149.952	150.144	m
150.144	150.336	m
150.336	150.528	m
150.528	150.72	m
150.72	150.912	m
150.912	151.104	m
151.104	151.296	m
151.296	151.488	m
151.488	151.68	m
151.68	151.872	m
151.872	152.064	m
152.064	152.256	m
152.256	152.448	m
152.448	152.64000000000001	m
152.64000000000001	152.832	m
152.832	153.024	m
153.024	153.216	m
153.216	153.40800000000002	m
153.40800000000002	153.6	m
153.6	153.792	m
153.792	153.984	m
153.792	153.984	s
153.984	154.17600000000002	m
153.984	154.17600000000002	s
154.17600000000002	154.368	m
154.17600000000002	154.368	s
154.368	154.56	m
154.368	154.56	s
154.56	154.752	m
154.56	154.752	s
154.752	154.94400000000002	m
154.752	154.94400000000002	s
154.94400000000002	155.136	m
154.94400000000002	155.136	s
155.136	155.328	m
155.136	155.328	s
155.328	155.52	m
155.328	155.52	s
155.52	155.712	m
155.52	155.712	s
155.712	155.904	m
155.712	155.904	s
155.904	156.096	m
155.904	156.096	s
156.096	156.288	m
156.096	156.288	s
156.288	156.48	m
156.288	156.48	s
156.48	156.672	m
156.672	156.864	m
156.864	157.056	m
157.056	157.248	m
157.248	157.44	m
157.44	157.632	m
157.632	157.824	m
157.824	158.016	m
158.016	158.208	m
158.208	158.4	m
158.4	158.592	m
158.592	158.784	m
158.784	158.976	m
158.976	159.168	m
159.168	159.36	m
159.36	159.552	m
159.552	159.744	m
159.744	159.936	m
159.936	160.12800000000001	m
160.12800000000001	160.32	m
160.32	160.512	m
160.512	160.704	m
160.704	160.89600000000002	m
160.89600000000002	161.088	m
161.088	161.28	m
161.28	161.472	m
161.472	161.66400000000002	m
161.66400000000002	161.856	m
161.856	162.048	m
162.048	162.24	m
162.24	162.43200000000002	m
162.43200000000002	162.624	m
162.624	162.816	m
162.816	163.008	m
163.008	163.20000000000002	m
163.20000000000002	163.392	m
163.392	163.584	m
163.584	163.776	m
163.776	163.968	m
163.968	164.16	m
164.16	164.352	m
164.352	164.544	m
164.544	164.736	m
164.736	164.928	m
164.928	165.12	m
165.12	165.312	m
165.312	165.504	m
165.504	165.696	m
165.696	165.888	m
165.888	166.08	m
166.08	166.272	m
166.272	166.464	m
166.464	166.656	m
166.656	166.848	m
166.848	167.04	m
167.04	167.232	m
167.232	167.424	m
167.424	167.616	m
167.616	167.808	m
167.808	168.0	m
168.0	168.192	m
168.192	168.38400000000001	m
168.38400000000001	168.576	m
168.576	168.768	m
168.768	168.96	m
168.96	169.15200000000002	m
169.15200000000002	169.344	m
169.344	169.536	m
169.536	169.728	m
169.728	169.92000000000002	m
169.92000000000002	170.112	m
170.112	170.304	m
170.304	170.496	m
170.496	170.68800000000002	m
170.68800000000002	170.88	m
170.88	171.072	m
171.072	171.264	m
171.264	171.45600000000002	m
171.45600000000002	171.648	m
171.648	171.84	m
171.84	172.032	m
172.032	172.224	m
172.224	172.416	m
172.416	172.608	m
172.608	172.8	m
172.8	172.992	m
172.992	173.184	m
173.184	173.376	m
173.184	173.376	s
173.376	173.568	m
173.376	173.568	s
173.568	173.76	s
173.76	173.952	s
173.952	174.144	s
174.144	174.336	m
174.144	174.336	s
174.336	174.528	m
174.336	174.528	s
174.528	174.72	s
174.72	174.912	m
174.72	174.912	s
174.912	175.104	s
175.104	175.296	s
176.064	176.256	s
176.256	176.448	s
176.448	176.64000000000001	s
176.64000000000001	176.832	s
176.832	177.024	s
177.024	177.216	s
177.216	177.40800000000002	s
177.40800000000002	177.6	s
177.6	177.792	s
177.792	177.984	s
177.984	178.17600000000002	s
178.17600000000002	178.368	s
178.368	178.56	s
178.56	178.752	s
178.752	178.94400000000002	s
178.94400000000002	179.136	s
179.136	179.328	s
179.328	179.52	s
179.52	179.71200000000002	s
179.71200000000002	179.904	s
179.904	180.096	s
180.096	180.288	s
180.288	180.48	s
180.48	180.672	s
180.672	180.864	s
180.864	181.056	s
181.056	181.248	s
181.248	181.44	s
181.44	181.632	s
181.632	181.824	s
181.824	182.016	s
182.016	182.208	s
182.208	182.4	s
182.4	182.592	s
182.592	182.784	s
182.784	182.976	s
182.976	183.168	s
183.168	183.36	s
183.36	183.552	s
183.552	183.744	s
183.744	183.936	s
183.936	184.12800000000001	s
184.12800000000001	184.32	s
184.32	184.512	s
184.512	184.704	s
184.704	184.89600000000002	s
184.89600000000002	185.088	s
185.088	185.28	s
185.28	185.472	s
185.472	185.66400000000002	s
185.66400000000002	185.856	s
185.856	186.048	s
186.048	186.24	s
186.24	186.43200000000002	s
186.43200000000002	186.624	s
186.624	186.816	s
186.816	187.008	s
187.008	187.20000000000002	s
187.20000000000002	187.392	s
187.392	187.584	s
187.584	187.776	s
187.776	187.96800000000002	s
187.96800000000002	188.16	s
188.16	188.352	s
188.352	188.544	s
188.544	188.736	s
188.736	188.928	s
188.928	189.12	s
189.12	189.312	s
189.312	189.504	s
189.504	189.696	s
189.696	189.888	s
189.888	190.08	s
190.08	190.272	s
190.272	190.464	s
190.464	190.656	s
190.656	190.848	s
190.848	191.04	s
191.04	191.232	s
191.232	191.424	s
191.424	191.616	s
191.616	191.808	s
191.808	192.0	s
192.0	192.192	s
192.192	192.38400000000001	s
192.38400000000001	192.576	s
192.576	192.768	s
192.768	192.96	s
192.96	193.15200000000002	s
193.15200000000002	193.344	s
193.344	193.536	s
194.112	194.304	s
194.304	194.496	s
194.496	194.68800000000002	s
194.68800000000002	194.88	s
194.88	195.072	s
195.072	195.264	s
195.264	195.45600000000002	s
195.45600000000002	195.648	s
199.872	200.064	s
200.064	200.256	s
200.256	200.448	s
200.448	200.64000000000001	s
200.64000000000001	200.832	s
200.832	201.024	s
201.024	201.216	s
201.216	201.40800000000002	s
202.17600000000002	202.368	s
202.368	202.56	s
202.56	202.752	s
202.752	202.94400000000002	s
202.94400000000002	203.136	s
203.136	203.328	s
203.328	203.52	s
203.52	203.71200000000002	s
203.71200000000002	203.904	s
203.904	204.096	s
204.096	204.288	s
204.288	204.48000000000002	s
204.48000000000002	204.672	s
204.672	204.864	s
204.864	205.056	s
205.056	205.248	s
205.248	205.44	s
205.44	205.632	s
205.632	205.824	s
205.824	206.016	s
206.016	206.208	s
206.208	206.4	s
206.4	206.592	s
206.592	206.784	s
206.784	206.976	s
206.976	207.168	s
207.168	207.36	s
207.36	207.552	s
207.552	207.744	s
207.744	207.936	s
207.936	208.12800000000001	s
208.12800000000001	208.32	s
208.32	208.512	s
208.512	208.704	s
208.704	208.89600000000002	s
208.89600000000002	209.088	s
209.088	209.28	s
209.28	209.472	s
209.472	209.66400000000002	s
209.66400000000002	209.856	s
209.856	210.048	s
210.048	210.24	s
210.24	210.43200000000002	s
210.43200000000002	210.624	s
210.624	210.816	s
210.816	211.008	s
211.008	211.20000000000002	s
211.20000000000002	211.392	s
211.392	211.584	s
211.584	211.776	s
211.776	211.96800000000002	s
211.96800000000002	212.16	s
212.16	212.352	s
212.352	212.544	s
212.544	212.73600000000002	s
212.73600000000002	212.928	s
212.928	213.12	s
213.12	213.312	s
213.312	213.504	s
213.504	213.696	s
213.696	213.888	s
213.888	214.08	s
214.08	214.272	s
214.272	214.464	s
214.464	214.656	s
214.656	214.848	s
214.848	215.04	s
215.04	215.232	s
215.232	215.424	s
215.424	215.616	s
215.616	215.808	s
215.808	216.0	s
216.0	216.192	s
216.192	216.38400000000001	s
216.38400000000001	216.576	s
216.576	216.768	s
216.768	216.96	s
216.96	217.15200000000002	s
217.15200000000002	217.344	s
217.344	217.536	s
217.536	217.728	s
217.728	217.92000000000002	s
217.92000000000002	218.112	s
218.112	218.304	s
218.304	218.496	s
218.496	218.68800000000002	s
218.68800000000002	218.88	s
218.88	219.072	s
219.072	219.264	s
219.264	219.45600000000002	s
219.45600000000002	219.648	s
219.648	219.84	s
219.84	220.032	s
220.032	220.22400000000002	s
220.22400000000002	220.416	s
220.416	220.608	s
220.608	220.8	s
220.8	220.99200000000002	s
220.99200000000002	221.184	s
221.184	221.376	s
221.376	221.568	s
221.568	221.76	s
221.76	221.952	s
221.952	222.144	s
222.144	222.336	s
222.336	222.528	s
222.528	222.72	s
222.72	222.912	s
222.912	223.104	s
223.104	223.296	s
223.296	223.488	s
223.488	223.68	s
223.68	223.872	s
223.872	224.064	s
224.064	224.256	s
224.256	224.448	s
224.64000000000001	224.832	s
224.832	225.024	s
225.024	225.216	s
225.40800000000002	225.6	s
225.6	225.792	s
225.792	225.984	s
225.984	226.17600000000002	s
226.17600000000002	226.368	s
226.368	226.56	s
226.56	226.752	s
226.752	226.94400000000002	s
226.94400000000002	227.136	s
227.136	227.328	s
227.328	227.52	s
227.52	227.71200000000002	s
227.71200000000002	227.904	s
227.904	228.096	s
228.096	228.288	s
228.288	228.48000000000002	s
228.48000000000002	228.672	s
228.672	228.864	s
228.864	229.056	s
229.056	229.24800000000002	s
229.24800000000002	229.44	s
229.44	229.632	s
229.632	229.824	s
229.824	230.016	s
230.016	230.208	s
230.208	230.4	s
230.4	230.592	s
230.592	230.784	s
231.168	231.36	s
231.36	231.552	s
231.552	231.744	s
231.744	231.936	s
231.936	232.12800000000001	s
232.12800000000001	232.32	s
232.32	232.512	s
232.512	232.704	s
232.704	232.89600000000002	s
232.89600000000002	233.088	s
233.088	233.28	s
233.28	233.472	s
233.472	233.66400000000002	s
233.66400000000002	233.856	s
233.856	234.048	s
234.048	234.24	s
234.24	234.43200000000002	s
234.43200000000002	234.624	s
234.624	234.816	s
234.816	235.008	s
235.008	235.20000000000002	s
235.20000000000002	235.392	s
235.392	235.584	s
235.584	235.776	s
236.16	236.352	s
236.352	236.544	s
236.544	236.73600000000002	s
236.73600000000002	236.928	s
236.928	237.12	s
237.12	237.312	s
237.312	237.50400000000002	s
237.50400000000002	237.696	s
237.696	237.888	s
237.888	238.08	s
238.08	238.272	s
238.272	238.464	s
238.464	238.656	s
238.656	238.848	s
238.848	239.04	s
239.04	239.232	s
239.232	239.424	s
239.424	239.616	s
239.616	239.808	s
239.808	240.0	s
240.0	240.192	s
240.192	240.38400000000001	s
240.38400000000001	240.576	s
240.576	240.768	s
240.768	240.96	s
240.96	241.15200000000002	s
241.15200000000002	241.344	s
241.728	241.92000000000002	s
241.92000000000002	242.112	s
242.112	242.304	s
242.304	242.496	s
242.496	242.68800000000002	s
242.68800000000002	242.88	s
242.88	243.072	s
243.072	243.264	s
243.264	243.45600000000002	s
243.45600000000002	243.648	s
243.648	243.84	s
243.84	244.032	s
244.032	244.22400000000002	s
244.22400000000002	244.416	s
244.416	244.608	s
244.608	244.8	s
244.8	244.99200000000002	s
244.99200000000002	245.184	s
245.184	245.376	s
245.376	245.568	s
245.568	245.76	s
245.76	245.952	s
245.952	246.144	s
246.72	246.912	s
246.912	247.104	s
247.104	247.296	s
247.296	247.488	s
247.488	247.68	s
247.68	247.872	s
247.872	248.064	s
248.064	248.256	s
248.256	248.448	s
248.448	248.64000000000001	s
248.64000000000001	248.832	s
248.832	249.024	s
249.024	249.216	s
249.216	249.40800000000002	s
249.40800000000002	249.6	s
249.6	249.792	s
249.792	249.984	s
249.984	250.17600000000002	s
250.17600000000002	250.368	s
250.368	250.56	s
250.56	250.752	s
250.752	250.94400000000002	s
250.94400000000002	251.136	s
251.136	251.328	s
251.328	251.52	s
251.52	251.71200000000002	s
251.71200000000002	251.904	s
251.904	252.096	s
252.096	252.288	s
252.288	252.48000000000002	s
252.48000000000002	252.672	s
252.672	252.864	s
252.864	253.056	s
253.056	253.24800000000002	s
253.24800000000002	253.44	s
253.44	253.632	s
253.632	253.824	s
253.824	254.016	s
254.016	254.208	s
254.208	254.4	s
254.4	254.592	s
254.592	254.784	s
254.784	254.976	s
254.976	255.168	s
255.168	255.36	s
255.36	255.552	s
255.552	255.744	s
255.744	255.936	s
255.936	256.128	s
256.128	256.32	s
256.32	256.512	s
256.512	256.704	s
256.704	256.896	s
256.896	257.088	s
258.624	258.81600000000003	s
258.81600000000003	259.008	s
259.008	259.2	s
259.2	259.392	s
259.392	259.584	s
259.584	259.776	s
259.776	259.968	s
259.968	260.16	s
260.16	260.35200000000003	s
260.35200000000003	260.544	s
260.544	260.736	s
260.736	260.928	s
260.928	261.12	s
261.12	261.312	s
261.312	261.504	s
261.504	261.696	s
261.696	261.88800000000003	s
261.88800000000003	262.08	s
262.08	262.272	s
262.272	262.464	s
262.464	262.656	s
262.656	262.848	s
262.848	263.04	s
263.04	263.232	s
263.232	263.424	s
263.424	263.616	s
263.616	263.808	s
263.808	264.0	s
264.0	264.192	s
264.192	264.384	s
264.384	264.576	s
264.576	264.76800000000003	s
264.76800000000003	264.96	s
264.96	265.152	s
265.152	265.344	s
265.344	265.536	s
265.536	265.728	s
265.728	265.92	s
265.92	266.112	s
266.112	266.30400000000003	s
266.30400000000003	266.496	s
266.496	266.688	s
266.688	266.88	s
266.88	267.072	s
267.072	267.264	s
267.264	267.456	s
267.456	267.648	s
267.648	267.84000000000003	s
267.84000000000003	268.032	s
268.032	268.224	s
268.224	268.416	s
268.416	268.608	s
268.608	268.8	s
268.8	268.992	s
268.992	269.184	s
269.184	269.37600000000003	s
269.37600000000003	269.568	s
269.568	269.76	s
269.76	269.952	s
269.952	270.144	s
270.144	270.336	s
270.336	270.528	s
270.528	270.72	s
270.72	270.912	s
270.912	271.104	s
271.104	271.296	s
271.296	271.488	s
271.488	271.68	s
271.68	271.872	s
271.872	272.064	s
272.064	272.25600000000003	s
272.25600000000003	272.448	s
272.448	272.64	s
272.64	272.832	s
274.752	274.944	s
274.944	275.136	s
275.136	275.32800000000003	s
275.32800000000003	275.52	s
275.52	275.712	s
275.712	275.904	s
275.904	276.096	s
276.096	276.288	s
276.288	276.48	s
276.48	276.672	s
276.672	276.86400000000003	s
276.86400000000003	277.056	s
277.056	277.248	s
277.248	277.44	s
277.44	277.632	s
277.632	277.824	s
277.824	278.016	s
278.016	278.208	s
278.208	278.40000000000003	s
278.40000000000003	278.592	s
278.592	278.784	s
278.784	278.976	s
279.744	279.936	s
279.936	280.128	s
280.128	280.32	s
280.32	280.512	s
280.512	280.704	s
280.704	280.896	s
280.896	281.088	s
281.088	281.28000000000003	s
281.28000000000003	281.472	s
281.472	281.664	s
281.664	281.856	s
281.856	282.048	s
282.048	282.24	s
282.24	282.432	s
282.432	282.624	s
282.81600000000003	283.008	s
283.008	283.2	s
283.2	283.392	s
283.392	283.584	s
283.584	283.776	s
283.776	283.968	s
283.968	284.16	s
284.16	284.35200000000003	s
284.35200000000003	284.544	s
284.544	284.736	s
284.736	284.928	s
284.928	285.12	s
285.12	285.312	s
285.312	285.504	s
285.504	285.696	s
285.696	285.88800000000003	s
285.88800000000003	286.08	s
286.08	286.272	s
286.272	286.464	s
286.464	286.656	s
286.656	286.848	s
286.848	287.04	s
287.04	287.232	s
287.232	287.424	s
287.424	287.616	s
287.616	287.808	s
287.808	288.0	s
288.0	288.192	s
288.192	288.384	s
288.384	288.576	s
288.576	288.76800000000003	s
288.76800000000003	288.96	s
288.96	289.152	s
289.152	289.344	s
289.344	289.536	s
289.536	289.728	s
289.728	289.92	s
289.92	290.112	s
290.112	290.30400000000003	s
290.30400000000003	290.496	s
290.496	290.688	s
290.688	290.88	s
290.88	291.072	s
291.072	291.264	s
291.264	291.456	s
291.456	291.648	s
291.648	291.84000000000003	s
291.84000000000003	292.032	s
292.032	292.224	s
292.224	292.416	s
292.416	292.608	s
292.608	292.8	s
292.8	292.992	s
292.992	293.184	s
293.184	293.37600000000003	s
293.37600000000003	293.568	s
293.568	293.76	s
293.76	293.952	s
293.952	294.144	s
294.144	294.336	s
294.336	294.528	s
294.528	294.72	s
294.72	294.91200000000003	s
294.91200000000003	295.104	s
295.104	295.296	s
295.296	295.488	s
295.488	295.68	s
295.68	295.872	s
295.872	296.064	s
296.064	296.25600000000003	s
296.25600000000003	296.448	s
296.448	296.64	s
296.64	296.832	s
296.832	297.024	s
297.024	297.216	s
297.216	297.408	s
297.408	297.6	s
297.6	297.79200000000003	s
297.79200000000003	297.984	s
297.984	298.176	s
298.176	298.368	s
298.368	298.56	s
298.56	298.752	s
298.752	298.944	s
298.944	299.136	s
299.136	299.32800000000003	s
299.32800000000003	299.52	s
299.52	299.712	s
299.712	299.904	s
299.904	300.096	s
300.096	300.288	s
300.288	300.48	s
300.48	300.672	s
300.672	300.86400000000003	s
300.86400000000003	301.056	s
301.056	301.248	s
301.248	301.44	s
301.44	301.632	s
301.632	301.824	s
301.824	302.016	s
302.016	302.208	s
302.40000000000003	302.592	s
302.592	302.784	s
302.784	302.976	s
302.976	303.168	s
303.168	303.36	s
303.36	303.552	s
303.552	303.744	s
303.744	303.936	s
303.936	304.128	s
304.128	304.32	s
304.32	304.512	s
304.512	304.704	s
304.704	304.896	s
304.896	305.088	s
305.088	305.28000000000003	s
305.28000000000003	305.472	s
305.472	305.664	s
305.664	305.856	s
305.856	306.048	s
306.048	306.24	s
306.24	306.432	s
306.432	306.624	s
306.624	306.81600000000003	s
306.81600000000003	307.008	s
307.008	307.2	s
307.2	307.392	s
307.392	307.584	s
307.584	307.776	s
307.776	307.968	s
307.968	308.16	s
308.16	308.35200000000003	s
308.35200000000003	308.544	s
308.544	308.736	s
308.736	308.928	s
308.928	309.12	s
309.12	309.312	s
309.312	309.504	s
309.504	309.696	s
309.696	309.88800000000003	s
309.88800000000003	310.08	s
312.192	312.384	s
312.384	312.576	s
312.576	312.76800000000003	s
312.76800000000003	312.96	s
312.96	313.152	s
313.152	313.344	s
314.496	314.688	s
314.688	314.88	s
314.88	315.072	s
315.072	315.264	s
315.264	315.456	s
315.456	315.648	s
318.336	318.528	s
318.528	318.72	s
318.72	318.91200000000003	s
318.91200000000003	319.104	s
319.104	319.296	s
319.296	319.488	s
321.024	321.216	s
321.216	321.408	s
321.408	321.6	s
321.6	321.79200000000003	s
321.79200000000003	321.984	s
321.984	322.176	s
323.32800000000003	323.52	s
323.52	323.712	s
323.712	323.904	s
323.904	324.096	s
324.096	324.288	s
325.632	325.824	s
325.824	326.016	s
326.016	326.208	s
326.208	326.40000000000003	s
326.40000000000003	326.592	s
326.592	326.784	s
326.784	326.976	s
326.976	327.168	s
327.168	327.36	s
327.36	327.552	s
327.552	327.744	s
327.744	327.936	s
328.512	328.704	s
328.704	328.896	s
328.896	329.088	s
329.088	329.28000000000003	s
329.28000000000003	329.472	s
329.472	329.664	s
329.664	329.856	s
329.856	330.048	s
330.048	330.24	s
333.12	333.312	s
333.312	333.504	s
333.504	333.696	s
333.696	333.88800000000003	s
333.88800000000003	334.08	s
334.08	334.272	s
334.272	334.464	s
334.464	334.656	s
337.344	337.536	s
337.536	337.728	s
337.728	337.92	s
337.92	338.112	s
338.112	338.30400000000003	s
338.30400000000003	338.496	s
338.496	338.688	s
338.688	338.88	s
338.88	339.072	s
339.072	339.264	s
339.264	339.456	s
339.456	339.648	s
339.648	339.84000000000003	s
339.84000000000003	340.032	s
340.032	340.224	s
340.224	340.416	s
340.416	340.608	s
340.608	340.8	s
340.8	340.992	s
340.992	341.184	s
341.184	341.37600000000003	s
341.37600000000003	341.568	s
341.568	341.76	s
341.76	341.952	s
341.952	342.144	s
342.144	342.336	s
342.336	342.528	s
342.528	342.72	s
342.72	342.91200000000003	s
342.91200000000003	343.104	s
343.104	343.296	s
343.296	343.488	s
343.488	343.68	s
343.68	343.872	s
343.872	344.064	s
344.064	344.25600000000003	s
344.25600000000003	344.448	s
344.448	344.64	s
344.64	344.832	s
350.40000000000003	350.592	s
350.592	350.784	s
350.784	350.976	s
350.976	351.168	s
351.168	351.36	s
351.36	351.552	s
351.552	351.744	s
351.744	351.93600000000004	s
351.93600000000004	352.128	s
352.128	352.32	s
352.32	352.512	s
352.512	352.704	s
352.704	352.896	s
352.896	353.088	s
353.088	353.28000000000003	s
353.28000000000003	353.472	s
353.472	353.664	s
353.664	353.856	s
353.856	354.048	s
356.35200000000003	356.544	s
356.544	356.736	s
356.736	356.928	s
356.928	357.12	s
357.12	357.312	s
357.312	357.504	s
357.504	357.696	s
357.696	357.88800000000003	s
357.88800000000003	358.08	s
358.08	358.272	s
358.272	358.464	s
358.464	358.656	s
358.656	358.848	s
358.848	359.04	s
359.04	359.232	s
359.232	359.42400000000004	s
359.42400000000004	359.616	s
359.616	359.808	s
359.808	360.0	s
360.0	360.192	s
360.192	360.384	s
360.384	360.576	s
360.576	360.76800000000003	s
360.76800000000003	360.96	s
360.96	361.152	s
361.152	361.344	s
361.344	361.536	s
361.536	361.728	s
361.728	361.92	s
361.92	362.112	s
362.112	362.30400000000003	s
362.30400000000003	362.496	s
362.496	362.688	s
362.688	362.88	s
362.88	363.072	s
363.072	363.264	s
363.264	363.456	s
363.456	363.648	s
363.648	363.84000000000003	s
363.84000000000003	364.032	s
364.032	364.224	s
364.224	364.416	s
364.416	364.608	s
364.608	364.8	s
364.8	364.992	s
364.992	365.184	s
365.184	365.37600000000003	s
365.37600000000003	365.568	s
365.568	365.76	s
365.76	365.952	s
365.952	366.144	s
366.144	366.336	s
366.336	366.528	s
366.528	366.72	s
366.72	366.91200000000003	s
366.91200000000003	367.104	s
367.104	367.296	s
367.296	367.488	s
367.488	367.68	s
367.68	367.872	s
367.872	368.064	s
368.064	368.25600000000003	s
368.25600000000003	368.44800000000004	s
368.44800000000004	368.64	s
368.64	368.832	s
368.832	369.024	s
369.024	369.216	s
369.216	369.408	s
369.408	369.6	s
369.6	369.79200000000003	s
369.79200000000003	369.984	s
372.48	372.672	s
372.672	372.86400000000003	s
372.86400000000003	373.056	s
373.056	373.248	s
373.248	373.44	s
375.168	375.36	s
375.36	375.552	s
375.552	375.744	s
375.744	375.93600000000004	s
375.93600000000004	376.128	s
376.128	376.32	s
376.32	376.512	s
376.512	376.704	s
376.704	376.896	s
376.896	377.088	s
377.088	377.28000000000003	s
377.28000000000003	377.472	s
377.472	377.664	s
379.776	379.968	s
379.968	380.16	s
380.16	380.35200000000003	s
380.35200000000003	380.544	s
380.544	380.736	s
380.736	380.928	s
380.928	381.12	s
381.12	381.312	s
381.312	381.504	s
381.504	381.696	s
381.696	381.88800000000003	s
383.232	383.42400000000004	s
383.42400000000004	383.616	s
383.616	383.808	s
383.808	384.0	s
384.0	384.192	s
384.192	384.384	s
384.384	384.576	s
384.576	384.76800000000003	s
384.76800000000003	384.96000000000004	s
384.96000000000004	385.152	s
388.608	388.8	s
388.8	388.992	s
388.992	389.184	s
389.184	389.37600000000003	s
389.37600000000003	389.568	s
389.568	389.76	s
391.296	391.488	s
391.488	391.68	s
391.68	391.872	s
391.872	392.064	s
392.064	392.25600000000003	s
392.25600000000003	392.44800000000004	s
392.44800000000004	392.64	s
392.64	392.832	s
392.832	393.024	s
393.024	393.216	s
393.216	393.408	s
393.408	393.6	s
393.6	393.79200000000003	s
393.79200000000003	393.984	s
393.984	394.176	s
394.176	394.368	s
394.368	394.56	s
394.56	394.752	s
394.752	394.944	s
394.944	395.136	s
395.136	395.32800000000003	s
395.32800000000003	395.52	s
395.52	395.712	s
395.712	395.904	s
395.904	396.096	s
396.096	396.288	s
396.288	396.48	s
396.48	396.672	s
396.672	396.86400000000003	s
396.86400000000003	397.056	s
397.056	397.248	s
397.248	397.44	s
397.44	397.632	s
397.632	397.824	s
397.824	398.016	s
398.016	398.208	s
398.208	398.40000000000003	s
398.40000000000003	398.592	s
398.592	398.784	s
398.784	398.976	s
398.976	399.168	s
399.168	399.36	s
399.36	399.552	s
399.552	399.744	s
400.32	400.512	s
400.512	400.704	s
400.704	400.896	s
400.896	401.088	s
401.088	401.28000000000003	s
401.28000000000003	401.472	s
401.472	401.664	s
401.664	401.856	s
401.856	402.048	s
402.048	402.24	s
402.24	402.432	s
402.432	402.624	s
402.624	402.81600000000003	s
402.81600000000003	403.008	s
403.008	403.2	s
403.2	403.392	s
403.392	403.584	s
403.584	403.776	s
403.776	403.968	s
403.968	404.16	s
404.16	404.35200000000003	s
404.35200000000003	404.544	s
404.544	404.736	s
404.736	404.928	s
412.224	412.416	s
412.416	412.608	s
412.608	412.8	s
412.8	412.992	s
412.992	413.184	s
413.184	413.37600000000003	s
413.37600000000003	413.568	s
413.568	413.76	s
413.76	413.952	s
413.952	414.144	s
414.144	414.336	s
414.336	414.528	s
414.528	414.72	s
414.72	414.91200000000003	s
414.91200000000003	415.104	s
415.104	415.296	s
415.296	415.488	s
415.488	415.68	s
415.68	415.872	s
415.872	416.064	s
416.064	416.25600000000003	s
416.25600000000003	416.44800000000004	s
416.44800000000004	416.64	s
416.64	416.832	s
416.832	417.024	s
417.024	417.216	s
417.216	417.408	s
417.408	417.6	s
417.6	417.79200000000003	s
417.79200000000003	417.984	s
417.984	418.176	s
418.176	418.368	s
418.368	418.56	s
418.56	418.752	s
418.752	418.944	s
420.096	420.288	s
420.288	420.48	s
420.48	420.672	s
420.672	420.86400000000003	s
420.86400000000003	421.056	s
421.056	421.248	s
421.248	421.44	s
421.44	421.632	s
421.632	421.824	s
421.824	422.016	s
422.016	422.208	s
422.208	422.40000000000003	s
422.40000000000003	422.592	s
422.592	422.784	s
422.784	422.976	s
422.976	423.168	s
423.168	423.36	s
423.36	423.552	s
423.552	423.744	s
423.744	423.93600000000004	s
423.93600000000004	424.128	s
424.128	424.32	s
424.32	424.512	s
424.512	424.704	s
424.704	424.896	s
424.896	425.088	s
425.088	425.28000000000003	s
425.28000000000003	425.47200000000004	s
425.47200000000004	425.664	s
425.664	425.856	s
425.856	426.048	s
426.048	426.24	s
426.24	426.432	s
426.432	426.624	s
426.624	426.81600000000003	s
426.81600000000003	427.008	s
427.008	427.2	s
427.2	427.392	s
427.392	427.584	s
427.584	427.776	s
428.544	428.736	s
428.736	428.928	s
428.928	429.12	s
429.12	429.312	s
429.312	429.504	s
429.504	429.696	s
429.696	429.88800000000003	s
429.88800000000003	430.08	s
431.42400000000004	431.616	s
431.616	431.808	s
431.808	432.0	s
432.0	432.192	s
432.192	432.384	s
432.384	432.576	s
432.576	432.76800000000003	s
432.76800000000003	432.96000000000004	s
432.96000000000004	433.152	s
433.152	433.344	s
433.344	433.536	s
433.536	433.728	s
433.728	433.92	s
433.92	434.112	s
434.112	434.30400000000003	s
434.30400000000003	434.496	s
434.496	434.688	s
434.688	434.88	s
434.88	435.072	s
435.072	435.264	s
435.264	435.456	s
435.456	435.648	s
435.648	435.84000000000003	s
435.84000000000003	436.032	s
436.032	436.224	s
436.224	436.416	s
436.416	436.608	s
436.608	436.8	s
436.8	436.992	s
436.992	437.184	s
437.184	437.37600000000003	s
437.37600000000003	437.568	s
437.568	437.76	s
437.76	437.952	s
437.952	438.144	s
438.144	438.336	s
438.336	438.528	s
438.528	438.72	s
438.72	438.91200000000003	s
438.91200000000003	439.104	s
439.104	439.296	s
439.296	439.488	s
439.488	439.68	s
439.68	439.872	s
439.872	440.064	s
440.064	440.25600000000003	s
440.25600000000003	440.44800000000004	s
440.44800000000004	440.64	s
440.64	440.832	s
440.832	441.024	s
441.024	441.216	s
441.216	441.408	s
441.408	441.6	s
441.6	441.79200000000003	s
441.79200000000003	441.98400000000004	s
441.98400000000004	442.176	s
442.176	442.368	s
442.368	442.56	s
442.56	442.752	s
442.752	442.944	s
442.944	443.136	s
443.136	443.32800000000003	s
443.32800000000003	443.52	s
443.52	443.712	s
443.712	443.904	s
443.904	444.096	s
444.096	444.288	s
444.288	444.48	s
444.48	444.672	s
444.672	444.86400000000003	s
444.86400000000003	445.056	s
445.056	445.248	s
445.248	445.44	s
445.44	445.632	s
445.632	445.824	s
445.824	446.016	s
446.016	446.208	s
446.208	446.40000000000003	s
446.40000000000003	446.592	s
446.592	446.784	s
446.784	446.976	s
446.976	447.168	s
447.168	447.36	s
447.36	447.552	s
447.552	447.744	s
447.744	447.93600000000004	s
447.93600000000004	448.128	s
448.128	448.32	s
448.32	448.512	s
448.512	448.704	s
448.704	448.896	s
448.896	449.088	s
449.088	449.28000000000003	s
449.28000000000003	449.47200000000004	s
449.47200000000004	449.664	s
450.24	450.432	s
450.432	450.624	s
450.624	450.81600000000003	s
450.81600000000003	451.008	s
451.008	451.2	s
451.2	451.392	s
451.392	451.584	s
451.584	451.776	s
451.776	451.968	s
451.968	452.16	s
452.16	452.35200000000003	s
452.928	453.12	s
453.12	453.312	s
453.312	453.504	s
453.504	453.696	s
453.696	453.88800000000003	s
453.88800000000003	454.08	s
454.08	454.272	s
454.272	454.464	s
454.464	454.656	s
454.656	454.848	s
454.848	455.04	s
455.04	455.232	s
455.232	455.42400000000004	s
455.42400000000004	455.616	s
455.616	455.808	s
456.384	456.576	s
456.576	456.76800000000003	s
456.76800000000003	456.96000000000004	s
456.96000000000004	457.152	s
457.152	457.344	s
457.344	457.536	s
457.536	457.728	s
457.728	457.92	s
457.92	458.112	s
458.112	458.30400000000003	s
460.224	460.416	s
460.416	460.608	s
460.608	460.8	s
460.8	460.992	s
460.992	461.184	s
461.184	461.37600000000003	s
461.37600000000003	461.568	s
461.568	461.76	s
461.76	461.952	s
461.952	462.144	s
462.144	462.336	s
462.336	462.528	s
462.528	462.72	s
462.72	462.91200000000003	s
462.91200000000003	463.104	s
463.104	463.296	s
463.296	463.488	s
463.872	464.064	s
464.064	464.25600000000003	s
464.25600000000003	464.44800000000004	s
464.44800000000004	464.64	s
464.64	464.832	s
464.832	465.024	s
465.024	465.216	s
465.216	465.408	s
466.176	466.368	s
466.368	466.56	s
466.56	466.752	s
466.752	466.944	s
466.944	467.136	s
467.136	467.32800000000003	s
467.32800000000003	467.52	s
467.52	467.712	s
470.784	470.976	s
470.976	471.168	s
471.168	471.36	s
471.36	471.552	s
471.552	471.744	s
471.744	471.93600000000004	s
471.93600000000004	472.128	s
472.128	472.32	s
472.704	472.896	s
472.896	473.088	s
473.088	473.28000000000003	s
473.28000000000003	473.47200000000004	s
473.47200000000004	473.664	s
473.664	473.856	s
473.856	474.048	s
476.35200000000003	476.544	s
476.544	476.736	s
476.736	476.928	s
476.928	477.12	s
477.12	477.312	s
477.312	477.504	s
477.504	477.696	s
477.696	477.88800000000003	s
477.88800000000003	478.08	s
483.648	483.84000000000003	s
483.84000000000003	484.032	s
484.032	484.224	s
484.224	484.416	s
484.416	484.608	s
484.608	484.8	s
489.024	489.216	s
489.216	489.408	s
489.408	489.6	s
489.6	489.79200000000003	s
489.79200000000003	489.98400000000004	s
489.98400000000004	490.176	s
490.752	490.944	s
490.944	491.136	s
491.136	491.32800000000003	s
491.32800000000003	491.52	s
491.52	491.712	s
491.712	491.904	s
491.904	492.096	s
492.096	492.288	s
492.288	492.48	s
492.48	492.672	s
492.672	492.86400000000003	s
492.86400000000003	493.056	s
493.056	493.248	s
493.248	493.44	s
493.44	493.632	s
493.632	493.824	s
493.824	494.016	s
494.016	494.208	s
494.208	494.40000000000003	s
494.40000000000003	494.592	s
494.592	494.784	s
494.784	494.976	s
494.976	495.168	s
495.168	495.36	s
495.36	495.552	s
495.552	495.744	s
495.744	495.93600000000004	s
495.93600000000004	496.128	s
496.128	496.32	s
498.048	498.24	s
498.24	498.432	s
498.432	498.624	s
498.624	498.81600000000003	s
498.81600000000003	499.00800000000004	s
499.00800000000004	499.2	s
499.2	499.392	s
499.392	499.584	s
499.584	499.776	s
499.776	499.968	s
499.968	500.16	s
500.16	500.35200000000003	s
500.35200000000003	500.544	s
500.544	500.736	s
500.736	500.928	s
500.928	501.12	s
501.12	501.312	s
501.312	501.504	s
501.504	501.696	s
501.696	501.88800000000003	s
501.88800000000003	502.08	s
502.08	502.272	s
502.272	502.464	s
502.464	502.656	s
502.656	502.848	s
502.848	503.04	s
503.04	503.232	s
503.232	503.42400000000004	s
503.42400000000004	503.616	s
503.616	503.808	s
503.808	504.0	s
504.0	504.192	s
504.192	504.384	s
504.384	504.576	s
504.576	504.76800000000003	s
504.76800000000003	504.96000000000004	s
504.96000000000004	505.152	s
505.152	505.344	s
505.344	505.536	s
505.536	505.728	s
505.728	505.92	s
506.688	506.88	s
506.88	507.072	s
507.072	507.264	s
507.264	507.456	s
507.456	507.648	s
507.648	507.84000000000003	s
507.84000000000003	508.032	s
508.032	508.224	s
508.224	508.416	s
508.416	508.608	s
508.608	508.8	s
508.8	508.992	s
508.992	509.184	s
509.184	509.37600000000003	s
509.37600000000003	509.568	s
509.568	509.76	s
509.76	509.952	s
509.952	510.144	s
510.144	510.336	s
510.336	510.528	s
510.528	510.72	s
510.72	510.91200000000003	s
510.91200000000003	511.104	s
511.104	511.296	s
511.296	511.488	s
511.488	511.68	s
511.68	511.872	s
511.872	512.064	s
512.064	512.256	s
512.256	512.448	s
512.448	512.64	s
512.64	512.832	s
512.832	513.024	s
513.024	513.216	s
513.216	513.408	s
513.408	513.6	s
513.6	513.792	s
513.792	513.984	s
513.984	514.176	s
514.176	514.368	s
514.368	514.5600000000001	s
514.5600000000001	514.7520000000001	s
514.7520000000001	514.944	s
514.944	515.136	s
515.136	515.328	s
515.328	515.52	s
515.52	515.712	s
515.712	515.904	s
515.904	516.096	s
516.096	516.288	s
516.288	516.48	s
516.48	516.672	s
516.672	516.864	s
516.864	517.056	s
517.056	517.248	s
517.248	517.44	s
517.44	517.6320000000001	s
517.6320000000001	517.824	s
517.824	518.016	s
518.016	518.208	s
518.208	518.4	s
518.4	518.592	s
518.592	518.784	s
518.784	518.976	s
518.976	519.168	s
519.168	519.36	s
519.36	519.552	s
519.552	519.744	s
519.744	519.936	s
519.936	520.128	s
520.128	520.32	s
520.32	520.5120000000001	s
520.5120000000001	520.7040000000001	s
520.7040000000001	520.896	s
520.896	521.088	s
521.088	521.28	s
521.28	521.472	s
521.472	521.664	s
521.664	521.856	s
521.856	522.048	s
522.048	522.24	s
522.24	522.432	s
523.008	523.2	s
523.2	523.392	s
523.392	523.5840000000001	s
523.5840000000001	523.7760000000001	s
523.7760000000001	523.968	s
529.152	529.344	s
529.344	529.5360000000001	s
529.5360000000001	529.7280000000001	s
529.7280000000001	529.92	s
529.92	530.112	s
530.112	530.304	s
530.304	530.496	s
531.648	531.84	s
531.84	532.032	s
532.032	532.224	s
532.224	532.416	s
532.416	532.6080000000001	s
534.528	534.72	s
534.72	534.912	s
534.912	535.104	s
535.104	535.296	s
535.296	535.488	s
535.488	535.6800000000001	s
535.6800000000001	535.872	s
535.872	536.064	s
536.064	536.256	s
536.256	536.448	s
536.448	536.64	s
536.64	536.832	s
536.832	537.024	s
537.024	537.216	s
537.216	537.408	s
537.408	537.6	s
537.6	537.792	s
537.792	537.984	s
538.176	538.368	s
538.368	538.5600000000001	s
538.5600000000001	538.7520000000001	s
538.7520000000001	538.944	s
538.944	539.136	s
539.136	539.328	s
539.328	539.52	s
539.52	539.712	s
539.712	539.904	s
541.824	542.016	s
542.016	542.208	s
542.208	542.4	s
542.4	542.592	s
542.592	542.784	s
542.784	542.976	s
543.552	543.744	s
543.744	543.936	s
543.936	544.128	s
544.128	544.32	s
544.32	544.5120000000001	s
544.5120000000001	544.7040000000001	s
544.7040000000001	544.896	s
544.896	545.088	s
545.088	545.28	s
545.28	545.472	s
545.856	546.048	s
546.048	546.24	s
546.24	546.432	s
546.432	546.624	s
546.624	546.816	s
546.816	547.008	s
548.544	548.736	s
548.736	548.928	s
548.928	549.12	s
549.12	549.312	s
549.312	549.504	s
549.504	549.696	s
549.696	549.888	s
549.888	550.08	s
550.08	550.272	s
550.272	550.464	s
550.464	550.6560000000001	s
550.6560000000001	550.848	s
550.848	551.04	s
551.04	551.232	s
551.232	551.424	s
551.424	551.616	s
551.616	551.808	s
551.808	552.0	s
552.0	552.192	s
552.192	552.384	s
552.384	552.576	s
552.576	552.768	s
552.768	552.96	s
552.96	553.152	s
553.152	553.344	s
555.072	555.264	s
555.264	555.456	s
555.456	555.648	s
555.648	555.84	s
555.84	556.032	s
556.032	556.224	s
556.224	556.416	s
556.416	556.6080000000001	s
556.6080000000001	556.8000000000001	s
556.8000000000001	556.992	s
556.992	557.184	s
557.184	557.376	s
561.024	561.216	s
561.216	561.408	s
561.408	561.6	s
561.6	561.792	s
561.792	561.984	s
561.984	562.176	s
562.176	562.368	s
562.368	562.5600000000001	s
562.5600000000001	562.7520000000001	s
562.7520000000001	562.944	s
562.944	563.136	s
563.136	563.328	s
563.328	563.52	s
563.52	563.712	s
563.712	563.904	s
563.904	564.096	s
564.096	564.288	s
564.288	564.48	s
564.48	564.672	s
564.672	564.864	s
564.864	565.056	s
565.248	565.44	s
565.44	565.6320000000001	s
565.6320000000001	565.824	s
565.824	566.016	s
566.016	566.208	s
566.208	566.4	s
566.4	566.592	s
566.592	566.784	s
566.784	566.976	s
566.976	567.168	s
567.168	567.36	s
567.36	567.552	s
567.552	567.744	s
567.744	567.936	s
567.936	568.128	s
568.128	568.32	s
568.32	568.5120000000001	s
568.5120000000001	568.7040000000001	s
568.7040000000001	568.896	s
570.432	570.624	s
570.624	570.816	s
570.816	571.008	s
571.008	571.2	s
571.2	571.392	s
571.392	571.5840000000001	s
571.5840000000001	571.7760000000001	s
571.7760000000001	571.968	s
571.968	572.16	s
572.16	572.352	s
572.352	572.544	s
572.544	572.736	s
575.616	575.808	s
575.808	576.0	s
576.0	576.192	s
576.192	576.384	s
576.384	576.576	s
576.576	576.768	s
576.768	576.96	s
576.96	577.152	s
577.152	577.344	s
577.344	577.5360000000001	s
577.5360000000001	577.7280000000001	s
577.7280000000001	577.92	s
577.92	578.112	s
578.304	578.496	s
578.496	578.688	s
578.688	578.88	s
578.88	579.072	s
579.072	579.264	s
579.264	579.456	s
579.456	579.648	s
581.76	581.952	s
581.952	582.144	s
582.144	582.336	s
582.336	582.528	s
582.528	582.72	s
582.72	582.912	s
582.912	583.104	s
583.104	583.296	s
583.296	583.488	s
583.488	583.6800000000001	s
583.6800000000001	583.872	s
583.872	584.064	s
584.064	584.256	s
584.256	584.448	s
584.448	584.64	s
584.64	584.832	s
584.832	585.024	s
585.024	585.216	s
585.216	585.408	s
585.408	585.6	s
585.6	585.792	s
585.792	585.984	s
585.984	586.176	s
586.176	586.368	s
587.136	587.328	s
587.328	587.52	s
587.52	587.712	s
587.712	587.904	s
587.904	588.096	s
588.096	588.288	s
588.288	588.48	s
588.48	588.672	s
588.672	588.864	s
588.864	589.056	s
589.056	589.248	s
589.248	589.44	s
589.44	589.6320000000001	s
589.6320000000001	589.8240000000001	s
589.8240000000001	590.016	s
590.016	590.208	s
590.208	590.4	s
590.4	590.592	s
590.592	590.784	s
590.784	590.976	s
590.976	591.168	s
591.168	591.36	s
591.36	591.552	s
591.552	591.744	s
591.744	591.936	s
591.936	592.128	s
592.128	592.32	s
592.32	592.5120000000001	s
592.5120000000001	592.7040000000001	s
592.7040000000001	592.896	s
592.896	593.088	s
593.088	593.28	s
593.28	593.472	s
593.472	593.664	s
593.664	593.856	s
593.856	594.048	s
594.048	594.24	s
594.24	594.432	s
594.432	594.624	s
594.624	594.816	s
594.816	595.008	s
595.008	595.2	s
595.2	595.392	s
595.392	595.5840000000001	s
595.5840000000001	595.7760000000001	s
596.352	596.544	s
596.544	596.736	s
596.736	596.928	s
596.928	597.12	s
597.12	597.312	s
597.312	597.504	s
597.504	597.696	s
597.696	597.888	s
597.888	598.08	s
598.08	598.272	s
598.272	598.464	s
598.464	598.6560000000001	s
598.6560000000001	598.848	s
600.576	600.768	s
600.768	600.96	s
600.96	601.152	s
601.152	601.344	s
601.344	601.5360000000001	s
601.5360000000001	601.7280000000001	s
601.7280000000001	601.92	s
601.92	602.112	s
602.112	602.304	s
602.304	602.496	s
602.496	602.688	s
602.688	602.88	s
602.88	603.072	s
603.072	603.264	s
603.264	603.456	s
607.104	607.296	s
607.296	607.488	s
607.488	607.6800000000001	s
607.6800000000001	607.872	s
607.872	608.064	s
608.064	608.256	s
608.256	608.448	s
608.448	608.64	s
608.64	608.832	s
608.832	609.024	s
609.024	609.216	s
609.216	609.408	s
609.408	609.6	s
609.6	609.792	s
609.792	609.984	s
609.984	610.176	s
610.176	610.368	s
610.368	610.5600000000001	s
610.5600000000001	610.7520000000001	s
610.7520000000001	610.944	s
610.944	611.136	s
611.136	611.328	s
611.328	611.52	s
611.52	611.712	s
611.712	611.904	s
611.904	612.096	s
612.096	612.288	s
612.288	612.48	s
612.48	612.672	s
612.672	612.864	s
612.864	613.056	s
613.056	613.248	s
613.248	613.44	s
613.44	613.6320000000001	s
613.6320000000001	613.8240000000001	s
613.8240000000001	614.016	s
614.016	614.208	s
614.208	614.4	s
614.4	614.592	s
614.592	614.784	s
614.784	614.976	s
614.976	615.168	s
615.168	615.36	s
615.36	615.552	s
615.552	615.744	s
615.744	615.936	s
615.936	616.128	s
616.128	616.32	s
616.32	616.5120000000001	s
616.5120000000001	616.7040000000001	s
616.7040000000001	616.896	s
616.896	617.088	s
617.088	617.28	s
617.28	617.472	s
617.472	617.664	s
617.664	617.856	s
617.856	618.048	s
618.048	618.24	s
618.24	618.432	s
618.432	618.624	s
618.624	618.816	s
618.816	619.008	s
619.008	619.2	s
619.2	619.392	s
619.392	619.5840000000001	s
619.5840000000001	619.7760000000001	s
619.7760000000001	619.968	s
619.968	620.16	s
620.16	620.352	s
620.352	620.544	s
620.544	620.736	s
620.736	620.928	s
620.928	621.12	s
621.12	621.312	s
621.312	621.504	s
621.504	621.696	s
623.424	623.616	s
623.616	623.808	s
623.808	624.0	s
624.0	624.192	s
624.192	624.384	s
624.384	624.576	s
624.576	624.768	s
624.768	624.96	s
624.96	625.152	s
625.152	625.344	s
625.344	625.5360000000001	s
625.5360000000001	625.7280000000001	s
625.7280000000001	625.92	s
625.92	626.112	s
626.112	626.304	s
626.304	626.496	s
626.496	626.688	s
626.688	626.88	s
626.88	627.072	s
627.072	627.264	s
627.264	627.456	s
627.456	627.648	s
627.648	627.84	s
627.84	628.032	s
628.032	628.224	s
628.224	628.416	s
628.416	628.6080000000001	s
628.6080000000001	628.8000000000001	s
628.8000000000001	628.992	s
628.992	629.184	s
629.184	629.376	s
629.952	630.144	s
630.144	630.336	s
630.336	630.528	s
630.528	630.72	s
630.72	630.912	s
630.912	631.104	s
631.104	631.296	s
631.296	631.488	s
631.488	631.6800000000001	s
631.6800000000001	631.872	s
631.872	632.064	s
632.064	632.256	s
633.984	634.176	s
634.176	634.368	s
634.368	634.5600000000001	s
634.5600000000001	634.7520000000001	s
634.7520000000001	634.944	s
634.944	635.136	s
635.136	635.328	s
635.328	635.52	s
635.52	635.712	s
636.672	636.864	s
636.864	637.056	s
637.056	637.248	s
637.248	637.44	s
637.44	637.6320000000001	s
637.6320000000001	637.8240000000001	s
637.8240000000001	638.016	s
638.016	638.208	s
638.208	638.4	s
638.4	638.592	s
638.592	638.784	s
638.784	638.976	s
638.976	639.168	s
639.168	639.36	s
639.744	639.936	s
639.936	640.128	s
640.128	640.32	s
640.32	640.5120000000001	s
640.5120000000001	640.7040000000001	s
640.7040000000001	640.896	s
640.896	641.088	s
641.088	641.28	s
641.28	641.472	s
641.472	641.664	s
641.664	641.856	s
641.856	642.048	s
642.048	642.24	s
642.24	642.432	s
642.432	642.624	s
642.624	642.816	s
642.816	643.008	s
643.008	643.2	s
643.2	643.392	s
643.392	643.5840000000001	s
643.5840000000001	643.7760000000001	s
643.7760000000001	643.968	s
643.968	644.16	s
644.16	644.352	s
644.352	644.544	s
644.544	644.736	s
644.736	644.928	s
644.928	645.12	s
645.12	645.312	s
645.312	645.504	s
645.504	645.696	s
645.696	645.888	s
645.888	646.08	s
646.08	646.272	s
646.272	646.464	s
646.464	646.6560000000001	s
646.6560000000001	646.8480000000001	s
646.8480000000001	647.04	s
647.04	647.232	s
647.232	647.424	s
647.424	647.616	s
647.616	647.808	s
647.808	648.0	s
648.0	648.192	s
648.96	649.152	s
649.152	649.344	s
649.344	649.5360000000001	s
649.5360000000001	649.7280000000001	s
649.7280000000001	649.92	s
649.92	650.112	s
650.112	650.304	s
650.304	650.496	s
652.032	652.224	s
652.224	652.416	s
652.416	652.6080000000001	s
652.6080000000001	652.8000000000001	s
652.8000000000001	652.992	s
652.992	653.184	s
653.184	653.376	s
653.376	653.568	s
653.568	653.76	s
653.76	653.952	s
653.952	654.144	s
654.144	654.336	s
654.336	654.528	s
654.528	654.72	s
654.72	654.912	s
654.912	655.104	s
655.104	655.296	s
655.296	655.488	s
655.488	655.6800000000001	s
655.6800000000001	655.872	s
655.872	656.064	s
656.064	656.256	s
656.256	656.448	s
656.448	656.64	s
656.64	656.832	s
656.832	657.024	s
657.024	657.216	s
657.216	657.408	s
657.408	657.6	s
657.6	657.792	s
657.792	657.984	s
657.984	658.176	s
658.176	658.368	s
658.368	658.5600000000001	s
659.52	659.712	s
659.712	659.904	s
659.904	660.096	s
660.096	660.288	s
660.288	660.48	s
660.48	660.672	s
660.672	660.864	s
660.864	661.056	s
665.088	665.28	s
665.28	665.472	s
665.472	665.664	s
665.664	665.856	s
665.856	666.048	s
668.352	668.544	s
668.544	668.736	s
668.736	668.928	s
668.928	669.12	s
669.12	669.312	s
669.312	669.504	s
669.504	669.696	s
669.696	669.888	s
669.888	670.08	s
670.08	670.272	s
670.272	670.464	s
673.92	674.112	s
674.112	674.304	s
674.304	674.496	s
674.496	674.688	s
674.688	674.88	s
676.8000000000001	676.992	s
676.992	677.184	s
677.184	677.376	s
677.376	677.568	s
677.568	677.76	s
677.76	677.952	s
677.952	678.144	s
679.6800000000001	679.8720000000001	s
679.8720000000001	680.064	s
680.064	680.256	s
680.256	680.448	s
680.448	680.64	s
680.64	680.832	s
680.832	681.024	s
681.024	681.216	s
681.216	681.408	s
681.408	681.6	s
681.6	681.792	s
681.792	681.984	s
682.5600000000001	682.7520000000001	s
682.7520000000001	682.944	s
682.944	683.136	s
683.136	683.328	s
683.328	683.52	s
683.52	683.712	s
683.712	683.904	s
683.904	684.096	s
684.096	684.288	s
684.288	684.48	s
684.48	684.672	s
684.672	684.864	s
684.864	685.056	s
685.056	685.248	s
685.248	685.44	s
685.44	685.6320000000001	s
686.784	686.976	s
686.976	687.168	s
687.168	687.36	s
687.36	687.552	s
687.552	687.744	s
687.744	687.936	s
687.936	688.128	s
688.128	688.32	s
688.32	688.5120000000001	s
688.5120000000001	688.7040000000001	s
688.7040000000001	688.896	s
688.896	689.088	s
689.472	689.664	s
689.664	689.856	s
690.624	690.816	s
690.816	691.008	s
691.008	691.2	s
691.2	691.392	s
691.392	691.5840000000001	s
691.5840000000001	691.7760000000001	s
693.12	693.312	s
693.312	693.504	s
693.504	693.696	s
693.696	693.888	s
693.888	694.08	s
694.08	694.272	s
694.272	694.464	s
694.464	694.6560000000001	s
694.6560000000001	694.8480000000001	s
694.8480000000001	695.04	s
695.04	695.232	s
695.232	695.424	s
699.072	699.264	s
699.264	699.456	s
699.456	699.648	s
699.648	699.84	s
699.84	700.032	s
700.032	700.224	s
700.224	700.416	s
700.416	700.6080000000001	s
700.6080000000001	700.8000000000001	s
701.76	701.952	s
701.952	702.144	s
702.144	702.336	s
702.336	702.528	s
702.528	702.72	s
702.72	702.912	s
702.912	703.104	s
703.6800000000001	703.8720000000001	s
703.8720000000001	704.064	s
704.064	704.256	s
704.256	704.448	s
704.448	704.64	s
704.64	704.832	s
724.6080000000001	724.8000000000001	s
724.8000000000001	724.992	s
724.992	725.184	s
725.184	725.376	s
725.376	725.568	s
725.568	725.76	s
725.76	725.952	s
725.952	726.144	s
732.096	732.288	s
732.288	732.48	s
732.48	732.672	s
732.672	732.864	s
732.864	733.056	s
733.056	733.248	s
733.248	733.44	s
733.44	733.6320000000001	s
733.6320000000001	733.8240000000001	s
739.2	739.392	s
739.392	739.5840000000001	s
739.5840000000001	739.7760000000001	s
739.7760000000001	739.968	s
739.968	740.16	s
740.16	740.352	s
740.352	740.544	s
740.544	740.736	s
740.736	740.928	s
740.928	741.12	s
741.12	741.312	s
741.312	741.504	s
741.504	741.696	s
741.696	741.888	s
741.888	742.08	s
742.08	742.272	s
742.272	742.464	s
742.464	742.6560000000001	s
744.576	744.768	s
744.768	744.96	s
744.96	745.152	s
745.152	745.344	s
745.344	745.5360000000001	s
745.5360000000001	745.7280000000001	s
745.7280000000001	745.92	s
745.92	746.112	s
746.112	746.304	s
746.304	746.496	s
748.416	748.6080000000001	s
748.6080000000001	748.8000000000001	s
748.8000000000001	748.992	s
748.992	749.184	s
749.184	749.376	s
749.376	749.568	s
749.568	749.76	s
749.76	749.952	s
749.952	750.144	s
750.144	750.336	s
750.336	750.528	s
750.528	750.72	s
750.72	750.912	s
750.912	751.104	s
751.104	751.296	s
751.296	751.488	s
758.784	758.976	s
758.976	759.168	s
759.168	759.36	s
759.36	759.552	s
759.552	759.744	s
759.744	759.936	s
759.936	760.128	s
760.128	760.32	s
760.7040000000001	760.8960000000001	s
760.8960000000001	761.088	s
761.088	761.28	s
761.28	761.472	s
761.472	761.664	s
761.664	761.856	s
761.856	762.048	s
762.048	762.24	s
762.24	762.432	s
762.432	762.624	s
762.624	762.816	s
762.816	763.008	s
763.008	763.2	s
763.2	763.392	s
763.392	763.5840000000001	s
763.5840000000001	763.7760000000001	s
763.7760000000001	763.968	s
763.968	764.16	s
765.696	765.888	s
765.888	766.08	s
766.08	766.272	s
766.272	766.464	s
766.464	766.6560000000001	s
766.6560000000001	766.8480000000001	s
766.8480000000001	767.04	s
767.04	767.232	s
767.232	767.424	s
767.424	767.616	s
767.616	767.808	s
767.808	768.0	s
768.0	768.192	s
768.192	768.384	s
768.384	768.576	s
768.576	768.768	s
768.768	768.96	s
768.96	769.152	s
769.152	769.344	s
769.344	769.5360000000001	s
769.5360000000001	769.7280000000001	s
769.7280000000001	769.9200000000001	s
769.9200000000001	770.112	s
770.112	770.304	s
770.304	770.496	s
770.496	770.688	s
770.688	770.88	s
770.88	771.072	s
771.072	771.264	s
771.264	771.456	s
771.456	771.648	s
771.648	771.84	s
771.84	772.032	s
772.032	772.224	s
772.224	772.416	s
772.416	772.6080000000001	s
772.6080000000001	772.8000000000001	s
772.8000000000001	772.992	s
772.992	773.184	s
773.184	773.376	s
773.76	773.952	s
773.952	774.144	s
774.144	774.336	s
774.336	774.528	s
774.528	774.72	s
774.72	774.912	s
774.912	775.104	s
775.104	775.296	s
775.296	775.488	s
776.832	777.024	s
777.024	777.216	s
777.216	777.408	s
777.408	777.6	s
777.6	777.792	s
777.792	777.984	s
777.984	778.176	s
778.176	778.368	s
778.368	778.5600000000001	s
778.5600000000001	778.7520000000001	s
778.7520000000001	778.944	s
778.944	779.136	s
779.136	779.328	s
779.328	779.52	s
779.904	780.096	s
780.096	780.288	s
780.288	780.48	s
780.48	780.672	s
780.672	780.864	s
780.864	781.056	s
781.056	781.248	s
781.248	781.44	s
781.44	781.6320000000001	s
781.6320000000001	781.8240000000001	s
781.8240000000001	782.016	s
782.016	782.208	s
782.208	782.4	s
782.4	782.592	s
782.592	782.784	s
782.784	782.976	s
782.976	783.168	s
783.168	783.36	s
783.36	783.552	s
783.552	783.744	s
783.744	783.936	s
783.936	784.128	s
784.128	784.32	s
784.32	784.5120000000001	s
784.5120000000001	784.7040000000001	s
784.7040000000001	784.8960000000001	s
784.8960000000001	785.088	s
785.088	785.28	s
785.28	785.472	s
785.472	785.664	s
785.664	785.856	s
785.856	786.048	s
786.048	786.24	s
786.24	786.432	s
786.432	786.624	s
786.624	786.816	s
786.816	787.008	s
787.008	787.2	s
787.2	787.392	s
787.392	787.5840000000001	s
787.5840000000001	787.7760000000001	s
787.7760000000001	787.968	s
787.968	788.16	s
788.16	788.352	s
788.352	788.544	s
788.544	788.736	s
788.736	788.928	s
788.928	789.12	s
789.12	789.312	s
789.312	789.504	s
789.504	789.696	s
789.696	789.888	s
790.272	790.464	s
790.464	790.6560000000001	s
790.6560000000001	790.8480000000001	s
790.8480000000001	791.04	s
791.04	791.232	s
791.232	791.424	s
791.424	791.616	s
791.616	791.808	s
791.808	792.0	s
792.0	792.192	s
792.192	792.384	s
792.384	792.576	s
792.576	792.768	s
792.768	792.96	s
792.96	793.152	s
793.7280000000001	793.9200000000001	s
793.9200000000001	794.112	s
794.112	794.304	s
794.304	794.496	s
794.496	794.688	s
794.688	794.88	s
794.88	795.072	s
795.072	795.264	s
795.264	795.456	s
795.456	795.648	s
795.648	795.84	s
796.224	796.416	s
796.416	796.6080000000001	s
796.6080000000001	796.8000000000001	s
796.8000000000001	796.992	s
796.992	797.184	s
797.184	797.376	s
797.376	797.568	s
797.568	797.76	s
797.76	797.952	s
797.952	798.144	s
798.144	798.336	s
798.336	798.528	s
798.528	798.72	s
798.72	798.912	s
798.912	799.104	s
799.104	799.296	s
799.296	799.488	s
799.488	799.6800000000001	s
799.6800000000001	799.8720000000001	s
799.8720000000001	800.064	s
800.064	800.256	s
800.256	800.448	s
800.448	800.64	s
800.64	800.832	s
800.832	801.024	s
801.024	801.216	s
801.216	801.408	s
801.408	801.6	s
801.6	801.792	s
801.792	801.984	s
801.984	802.176	s
802.176	802.368	s
802.368	802.5600000000001	s
802.5600000000001	802.7520000000001	s
802.7520000000001	802.944	s
802.944	803.136	s
803.136	803.328	s
803.328	803.52	s
803.52	803.712	s
803.712	803.904	s
803.904	804.096	s
804.096	804.288	s
804.288	804.48	s
804.48	804.672	s
804.672	804.864	s
804.864	805.056	s
805.056	805.248	s
805.248	805.44	s
805.44	805.6320000000001	s
807.168	807.36	s
807.36	807.552	s
807.552	807.744	s
807.744	807.936	s
807.936	808.128	s
808.128	808.32	s
808.32	808.5120000000001	s
808.5120000000001	808.7040000000001	s
808.7040000000001	808.8960000000001	s
808.8960000000001	809.088	s
809.088	809.28	s
809.28	809.472	s
809.472	809.664	s
809.664	809.856	s
809.856	810.048	s
810.048	810.24	s
810.24	810.432	s
810.432	810.624	s
810.624	810.816	s
810.816	811.008	s
811.008	811.2	s
811.2	811.392	s
811.392	811.5840000000001	s
811.5840000000001	811.7760000000001	s
811.7760000000001	811.968	s
811.968	812.16	s
817.5360000000001	817.7280000000001	s
817.7280000000001	817.9200000000001	s
817.9200000000001	818.112	s
818.112	818.304	s
818.304	818.496	s
818.496	818.688	s
818.688	818.88	s
818.88	819.072	s
819.072	819.264	s
819.264	819.456	s
823.8720000000001	824.064	s
824.064	824.256	s
824.256	824.448	s
824.448	824.64	s
824.64	824.832	s
824.832	825.024	s
825.024	825.216	s
825.216	825.408	s
825.408	825.6	s
842.688	842.88	s
842.88	843.072	s
843.072	843.264	s
843.264	843.456	s
843.456	843.648	s
843.648	843.84	s
843.84	844.032	s
844.032	844.224	s
844.224	844.416	s
844.416	844.6080000000001	s
845.184	845.376	s
845.376	845.568	s
845.568	845.76	s
845.76	845.952	s
845.952	846.144	s
846.144	846.336	s
846.336	846.528	s
846.528	846.72	s
846.72	846.912	s
846.912	847.104	s
847.104	847.296	s
847.296	847.488	s
847.488	847.6800000000001	s
847.6800000000001	847.8720000000001	s
847.8720000000001	848.064	s
848.064	848.256	s
848.256	848.448	s
848.448	848.64	s
848.64	848.832	s
848.832	849.024	s
849.024	849.216	s
849.216	849.408	s
849.408	849.6	s
849.6	849.792	s
852.288	852.48	s
852.48	852.672	s
852.672	852.864	s
852.864	853.056	s
853.056	853.248	s
853.248	853.44	s
853.44	853.6320000000001	s
853.6320000000001	853.8240000000001	s
854.592	854.784	s
854.784	854.976	s
854.976	855.168	s
855.168	855.36	s
855.36	855.552	s
855.552	855.744	s
855.744	855.936	s
855.936	856.128	s
856.128	856.32	s
856.32	856.5120000000001	s
856.5120000000001	856.7040000000001	s
856.7040000000001	856.8960000000001	s
856.8960000000001	857.088	s
857.088	857.28	s
857.28	857.472	s
857.472	857.664	s
857.664	857.856	s
857.856	858.048	s
858.048	858.24	s
858.24	858.432	s
858.432	858.624	s
858.624	858.816	s
858.816	859.008	s
859.008	859.2	s
859.2	859.392	s
859.392	859.5840000000001	s
859.5840000000001	859.7760000000001	s
859.7760000000001	859.9680000000001	s
864.96	865.152	s
865.152	865.344	s
865.344	865.5360000000001	s
865.5360000000001	865.7280000000001	s
865.7280000000001	865.9200000000001	s
865.9200000000001	866.112	s
866.112	866.304	s
866.304	866.496	s
866.496	866.688	s
866.688	866.88	s
866.88	867.072	s
867.072	867.264	s
867.264	867.456	s
873.6	873.792	s
873.792	873.984	s
873.984	874.176	s
874.176	874.368	s
874.368	874.5600000000001	s
874.5600000000001	874.7520000000001	s
874.7520000000001	874.9440000000001	s
874.9440000000001	875.136	s
875.136	875.328	s
875.328	875.52	s
875.52	875.712	s
875.712	875.904	s
875.904	876.096	s
876.096	876.288	s
876.288	876.48	s
876.48	876.672	s
876.672	876.864	s
876.864	877.056	s
877.056	877.248	s
877.248	877.44	s
877.44	877.6320000000001	s
877.6320000000001	877.8240000000001	s
877.8240000000001	878.016	s
878.016	878.208	s
878.208	878.4	s
878.4	878.592	s
878.592	878.784	s
878.784	878.976	s
878.976	879.168	s
879.168	879.36	s
879.36	879.552	s
879.552	879.744	s
879.744	879.936	s
879.936	880.128	s
880.128	880.32	s
880.32	880.5120000000001	s
880.5120000000001	880.7040000000001	s
880.7040000000001	880.8960000000001	s
880.8960000000001	881.088	s
881.088	881.28	s
881.28	881.472	s
881.472	881.664	s
881.664	881.856	s
881.856	882.048	s
882.048	882.24	s
882.24	882.432	s
882.432	882.624	s
882.624	882.816	s
882.816	883.008	s
883.008	883.2	s
883.2	883.392	s
883.392	883.5840000000001	s
883.5840000000001	883.7760000000001	s
883.7760000000001	883.9680000000001	s
883.9680000000001	884.16	s
884.16	884.352	s
884.736	884.928	s
884.928	885.12	s
885.12	885.312	s
885.312	885.504	s
885.504	885.696	s
885.696	885.888	s
885.888	886.08	s
886.08	886.272	s
886.272	886.464	s
886.464	886.6560000000001	s
886.6560000000001	886.8480000000001	s
886.8480000000001	887.04	s
887.04	887.232	s
887.232	887.424	s
887.424	887.616	s
887.616	887.808	s
887.808	888.0	s
888.0	888.192	s
888.192	888.384	s
888.384	888.576	s
888.576	888.768	s
888.768	888.96	s
888.96	889.152	s
889.152	889.344	s
889.344	889.5360000000001	s
891.264	891.456	s
891.456	891.648	s
891.648	891.84	s
891.84	892.032	s
892.032	892.224	s
892.224	892.416	s
892.416	892.6080000000001	s
892.6080000000001	892.8000000000001	s
892.8000000000001	892.992	s
893.376	893.568	s
893.568	893.76	s
893.76	893.952	s
893.952	894.144	s
894.144	894.336	s
894.336	894.528	s
894.528	894.72	s
894.72	894.912	s
894.912	895.104	s
895.104	895.296	s
895.296	895.488	s
895.488	895.6800000000001	s
896.64	896.832	s
896.832	897.024	s
897.024	897.216	s
897.216	897.408	s
897.408	897.6	s
897.6	897.792	s
897.792	897.984	s
897.984	898.176	s
898.176	898.368	s
898.368	898.5600000000001	s
898.5600000000001	898.7520000000001	s
898.7520000000001	898.9440000000001	s
898.9440000000001	899.136	s
899.136	899.328	s
899.328	899.52	s
899.52	899.712	s
899.712	899.904	s
