1.536	1.728	s
1.728	1.92	s
1.92	2.112	s
2.112	2.3040000000000003	s
2.3040000000000003	2.496	s
2.496	2.688	s
5.76	5.952	s
5.952	6.144	s
6.144	6.336	s
6.336	6.5280000000000005	s
6.5280000000000005	6.72	s
6.72	6.912	s
6.912	7.104	s
7.104	7.296	s
7.296	7.488	s
7.488	7.68	s
7.68	7.872	s
7.872	8.064	s
8.832	9.024000000000001	s
9.024000000000001	9.216000000000001	s
9.216000000000001	9.408	s
9.408	9.6	s
9.6	9.792	s
9.792	9.984	s
9.984	10.176	s
10.176	10.368	s
10.368	10.56	s
10.56	10.752	s
10.752	10.944	s
10.944	11.136000000000001	s
11.136000000000001	11.328	s
11.328	11.52	s
11.52	11.712	s
11.712	11.904	s
11.904	12.096	s
12.096	12.288	s
12.288	12.48	s
12.48	12.672	s
12.672	12.864	s
12.864	13.056000000000001	s
13.056000000000001	13.248000000000001	s
13.248000000000001	13.44	s
13.44	13.632	s
13.632	13.824	s
13.824	14.016	s
14.016	14.208	s
14.208	14.4	s
14.4	14.592	s
14.592	14.784	s
14.784	14.976	s
14.976	15.168000000000001	s
15.168000000000001	15.36	s
17.664	17.856	s
17.856	18.048000000000002	s
18.048000000000002	18.240000000000002	s
18.240000000000002	18.432000000000002	s
18.432000000000002	18.624	s
18.624	18.816	s
18.816	19.008	s
19.008	19.2	s
19.392	19.584	s
42.432	42.624	s
42.624	42.816	s
42.816	43.008	s
43.008	43.2	s
43.2	43.392	s
43.776	43.968	s
43.968	44.160000000000004	s
44.160000000000004	44.352000000000004	s
44.352000000000004	44.544000000000004	s
45.12	45.312	s
45.312	45.504	s
45.504	45.696	s
45.696	45.888	s
48.0	48.192	s
48.192	48.384	s
48.384	48.576	s
48.576	48.768	s
49.152	49.344	s
49.344	49.536	s
49.536	49.728	s
49.728	49.92	s
49.92	50.112	s
50.112	50.304	s
50.304	50.496	s
50.496	50.688	s
50.688	50.88	s
50.88	51.072	s
51.072	51.264	s
51.264	51.456	s
51.456	51.648	s
54.528	54.72	s
54.72	54.912	s
54.912	55.104	s
55.104	55.296	s
55.296	55.488	s
55.488	55.68	s
59.328	59.52	s
59.52	59.712	s
59.712	59.904	s
59.904	60.096000000000004	s
60.096000000000004	60.288000000000004	s
60.288000000000004	60.480000000000004	s
62.4	62.592	s
62.592	62.784	s
62.784	62.976	s
62.976	63.168	s
63.168	63.36	s
63.36	63.552	s
63.552	63.744	s
63.744	63.936	s
63.936	64.128	s
64.128	64.32000000000001	s
64.32000000000001	64.512	s
64.512	64.70400000000001	s
64.70400000000001	64.896	s
64.896	65.08800000000001	s
66.432	66.624	s
66.624	66.816	s
66.816	67.008	s
69.12	69.312	s
69.312	69.504	s
69.504	69.696	s
69.696	69.888	s
69.888	70.08	s
74.112	74.304	s
74.496	74.688	s
74.688	74.88	s
78.144	78.336	s
78.336	78.528	s
78.528	78.72	s
79.296	79.488	s
79.488	79.68	s
79.68	79.872	s
79.872	80.06400000000001	s
94.08	94.272	s
94.272	94.464	s
94.464	94.656	s
94.656	94.848	s
94.848	95.04	s
107.712	107.904	s
107.904	108.096	s
108.096	108.288	s
108.48	108.672	s
108.672	108.864	s
108.864	109.056	s
109.056	109.248	s
110.208	110.4	m
110.4	110.592	m
110.592	110.784	m
110.784	110.976	m
110.976	111.168	m
111.168	111.36	m
111.36	111.552	m
111.552	111.744	m
111.744	111.936	m
111.936	112.128	m
112.128	112.32000000000001	m
112.32000000000001	112.512	m
112.512	112.70400000000001	m
112.70400000000001	112.896	m
112.896	113.08800000000001	m
113.08800000000001	113.28	m
113.28	113.47200000000001	m
113.47200000000001	113.664	m
113.664	113.85600000000001	m
113.85600000000001	114.048	m
114.048	114.24000000000001	m
114.24000000000001	114.432	m
114.432	114.62400000000001	m
114.62400000000001	114.816	m
114.816	115.008	m
115.008	115.2	m
115.2	115.392	m
115.392	115.584	m
115.584	115.776	m
115.776	115.968	m
115.968	116.16	m
116.16	116.352	m
116.352	116.544	m
116.544	116.736	m
116.736	116.928	m
116.928	117.12	m
117.12	117.312	m
117.312	117.504	m
117.504	117.696	m
117.696	117.888	m
117.888	118.08	m
118.08	118.272	m
118.272	118.464	m
118.464	118.656	m
118.656	118.848	m
118.848	119.04	m
119.04	119.232	m
119.232	119.424	m
119.424	119.616	m
119.616	119.808	m
119.808	120.0	m
120.0	120.19200000000001	m
120.19200000000001	120.384	m
120.384	120.57600000000001	m
120.57600000000001	120.768	m
120.768	120.96000000000001	m
120.96000000000001	121.152	m
121.152	121.34400000000001	m
121.34400000000001	121.536	m
121.536	121.72800000000001	m
121.72800000000001	121.92	m
121.92	122.11200000000001	m
122.11200000000001	122.304	m
122.304	122.49600000000001	m
122.49600000000001	122.688	m
122.688	122.88	m
122.88	123.072	m
123.072	123.264	m
123.264	123.456	m
123.456	123.648	m
123.648	123.84	m
123.84	124.032	m
124.032	124.224	m
124.224	124.416	m
124.416	124.608	m
124.416	124.608	s
124.608	124.8	m
124.608	124.8	s
124.8	124.992	m
124.8	124.992	s
124.992	125.184	m
124.992	125.184	s
125.184	125.376	m
125.184	125.376	s
125.376	125.568	m
125.376	125.568	s
125.568	125.76	m
125.568	125.76	s
125.76	125.952	m
125.76	125.952	s
125.952	126.144	m
125.952	126.144	s
126.144	126.336	m
126.144	126.336	s
126.336	126.528	m
126.336	126.528	s
126.528	126.72	m
126.528	126.72	s
126.72	126.912	m
126.912	127.104	m
127.104	127.296	m
127.296	127.488	m
127.488	127.68	m
127.68	127.872	m
127.872	128.064	m
128.064	128.256	m
128.256	128.448	m
128.448	128.64000000000001	m
128.448	128.64000000000001	s
128.64000000000001	128.832	m
128.64000000000001	128.832	s
128.832	129.024	m
128.832	129.024	s
129.024	129.216	m
129.024	129.216	s
129.216	129.40800000000002	m
129.216	129.40800000000002	s
129.40800000000002	129.6	m
129.40800000000002	129.6	s
129.6	129.792	m
129.792	129.984	m
129.984	130.17600000000002	m
130.17600000000002	130.368	m
130.368	130.56	m
130.56	130.752	m
130.752	130.94400000000002	m
130.94400000000002	131.136	m
131.136	131.328	m
131.328	131.52	m
131.52	131.712	m
131.712	131.904	m
131.904	132.096	m
132.096	132.288	m
132.288	132.48	m
132.48	132.672	m
132.672	132.864	m
132.864	133.056	m
133.056	133.248	m
133.248	133.44	m
133.44	133.632	m
133.632	133.824	m
133.824	134.016	m
134.016	134.208	m
134.208	134.4	m
134.208	134.4	s
134.4	134.592	m
134.4	134.592	s
134.592	134.784	m
134.592	134.784	s
134.784	134.976	m
134.784	134.976	s
134.976	135.168	m
134.976	135.168	s
135.168	135.36	m
135.36	135.552	m
135.552	135.744	m
135.744	135.936	m
135.936	136.12800000000001	m
135.936	136.12800000000001	s
136.12800000000001	136.32	m
136.12800000000001	136.32	s
136.32	136.512	m
136.32	136.512	s
136.512	136.704	m
136.512	136.704	s
136.704	136.89600000000002	m
136.704	136.89600000000002	s
136.89600000000002	137.088	m
136.89600000000002	137.088	s
137.088	137.28	m
137.28	137.472	m
137.472	137.66400000000002	m
137.66400000000002	137.856	m
137.856	138.048	m
138.048	138.24	m
138.24	138.43200000000002	m
138.43200000000002	138.624	m
138.624	138.816	m
138.816	139.008	m
139.008	139.20000000000002	m
139.20000000000002	139.392	m
139.392	139.584	m
139.584	139.776	m
153.40800000000002	153.6	s
153.6	153.792	s
153.792	153.984	s
153.984	154.17600000000002	s
154.17600000000002	154.368	s
154.368	154.56	s
154.56	154.752	s
154.752	154.94400000000002	s
154.94400000000002	155.136	s
155.136	155.328	s
155.328	155.52	s
155.52	155.712	s
155.712	155.904	s
158.976	159.168	s
159.168	159.36	s
159.36	159.552	s
159.552	159.744	s
159.744	159.936	s
159.936	160.12800000000001	s
160.12800000000001	160.32	s
160.32	160.512	s
160.512	160.704	s
160.704	160.89600000000002	s
160.89600000000002	161.088	s
161.088	161.28	s
161.28	161.472	s
161.472	161.66400000000002	s
161.66400000000002	161.856	s
161.856	162.048	s
162.048	162.24	m
162.048	162.24	s
162.24	162.43200000000002	m
162.24	162.43200000000002	s
162.43200000000002	162.624	m
162.43200000000002	162.624	s
162.624	162.816	m
162.624	162.816	s
162.816	163.008	m
162.816	163.008	s
163.008	163.20000000000002	m
163.008	163.20000000000002	s
163.20000000000002	163.392	m
163.20000000000002	163.392	s
163.392	163.584	m
163.392	163.584	s
163.584	163.776	m
163.584	163.776	s
163.776	163.968	m
163.776	163.968	s
163.968	164.16	m
163.968	164.16	s
164.16	164.352	m
164.352	164.544	m
164.544	164.736	m
164.736	164.928	m
164.736	164.928	s
164.928	165.12	m
164.928	165.12	s
165.12	165.312	m
165.12	165.312	s
165.312	165.504	m
165.312	165.504	s
165.504	165.696	m
165.504	165.696	s
165.696	165.888	m
165.696	165.888	s
165.888	166.08	m
165.888	166.08	s
166.08	166.272	m
166.08	166.272	s
166.272	166.464	m
166.464	166.656	m
166.464	166.656	s
166.656	166.848	m
166.656	166.848	s
166.848	167.04	m
166.848	167.04	s
167.04	167.232	s
167.232	167.424	s
167.424	167.616	s
167.616	167.808	s
167.808	168.0	s
168.192	168.38400000000001	s
168.38400000000001	168.576	s
168.576	168.768	s
168.768	168.96	s
168.96	169.15200000000002	s
169.15200000000002	169.344	s
170.68800000000002	170.88	s
170.88	171.072	s
171.072	171.264	s
171.264	171.45600000000002	s
171.45600000000002	171.648	s
171.648	171.84	s
171.84	172.032	s
172.032	172.224	s
173.184	173.376	s
173.376	173.568	s
173.568	173.76	s
173.76	173.952	s
173.952	174.144	s
174.144	174.336	s
174.336	174.528	s
175.296	175.488	s
175.488	175.68	s
175.68	175.872	s
176.256	176.448	s
176.448	176.64000000000001	s
176.64000000000001	176.832	s
176.832	177.024	s
177.024	177.216	s
177.216	177.40800000000002	s
177.40800000000002	177.6	s
177.792	177.984	s
177.984	178.17600000000002	s
178.17600000000002	178.368	s
178.368	178.56	s
178.56	178.752	s
178.752	178.94400000000002	s
178.94400000000002	179.136	s
179.136	179.328	s
179.328	179.52	s
179.52	179.71200000000002	s
179.71200000000002	179.904	s
184.89600000000002	185.088	s
185.088	185.28	s
185.28	185.472	s
185.472	185.66400000000002	s
185.66400000000002	185.856	s
185.856	186.048	s
186.048	186.24	s
186.24	186.43200000000002	s
186.43200000000002	186.624	s
186.624	186.816	s
186.816	187.008	s
187.008	187.20000000000002	s
187.20000000000002	187.392	s
187.392	187.584	s
187.584	187.776	s
187.776	187.96800000000002	s
187.96800000000002	188.16	s
188.16	188.352	s
188.352	188.544	s
189.312	189.504	s
189.504	189.696	s
189.696	189.888	s
189.888	190.08	s
190.08	190.272	s
190.272	190.464	s
190.464	190.656	s
190.656	190.848	s
190.848	191.04	s
191.04	191.232	s
191.232	191.424	s
191.424	191.616	s
191.616	191.808	s
191.808	192.0	m
191.808	192.0	s
192.0	192.192	m
192.0	192.192	s
192.192	192.38400000000001	m
192.192	192.38400000000001	s
192.38400000000001	192.576	m
192.38400000000001	192.576	s
192.576	192.768	m
192.576	192.768	s
192.768	192.96	m
192.768	192.96	s
192.96	193.15200000000002	m
192.96	193.15200000000002	s
193.15200000000002	193.344	m
193.15200000000002	193.344	s
193.344	193.536	s
197.952	198.144	m
198.144	198.336	m
198.336	198.528	m
199.104	199.296	m
199.296	199.488	m
199.488	199.68	m
199.68	199.872	m
200.064	200.256	m
200.256	200.448	m
200.448	200.64000000000001	m
200.64000000000001	200.832	m
200.832	201.024	m
201.024	201.216	m
201.216	201.40800000000002	m
201.40800000000002	201.6	m
201.6	201.792	m
201.792	201.984	m
201.984	202.17600000000002	m
202.17600000000002	202.368	m
202.368	202.56	m
202.56	202.752	m
202.752	202.94400000000002	m
202.94400000000002	203.136	m
203.136	203.328	m
203.328	203.52	m
203.52	203.71200000000002	m
203.71200000000002	203.904	m
203.904	204.096	m
204.096	204.288	m
204.288	204.48000000000002	m
204.48000000000002	204.672	m
204.672	204.864	m
204.864	205.056	m
205.056	205.248	m
205.248	205.44	m
207.36	207.552	s
207.552	207.744	s
207.744	207.936	s
207.936	208.12800000000001	s
208.12800000000001	208.32	s
208.32	208.512	s
209.856	210.048	s
210.048	210.24	s
210.24	210.43200000000002	s
210.43200000000002	210.624	s
210.624	210.816	s
210.816	211.008	s
211.008	211.20000000000002	s
211.20000000000002	211.392	s
211.392	211.584	s
211.584	211.776	s
211.776	211.96800000000002	s
211.96800000000002	212.16	s
212.16	212.352	s
213.888	214.08	s
214.08	214.272	s
214.272	214.464	s
214.464	214.656	s
214.656	214.848	s
214.848	215.04	s
215.04	215.232	s
216.192	216.38400000000001	s
216.38400000000001	216.576	s
216.576	216.768	s
216.768	216.96	s
216.96	217.15200000000002	s
217.15200000000002	217.344	s
219.072	219.264	s
219.264	219.45600000000002	s
219.45600000000002	219.648	s
219.648	219.84	s
219.84	220.032	s
220.032	220.22400000000002	s
220.22400000000002	220.416	s
220.416	220.608	s
220.608	220.8	s
220.8	220.99200000000002	s
220.99200000000002	221.184	s
221.184	221.376	s
222.144	222.336	s
222.336	222.528	s
222.528	222.72	s
222.72	222.912	s
222.912	223.104	s
223.104	223.296	s
223.296	223.488	s
223.488	223.68	s
223.68	223.872	s
223.872	224.064	s
224.064	224.256	s
224.256	224.448	s
224.448	224.64000000000001	s
224.64000000000001	224.832	s
224.832	225.024	s
225.024	225.216	s
225.216	225.40800000000002	s
226.56	226.752	s
226.752	226.94400000000002	s
226.94400000000002	227.136	s
227.136	227.328	s
227.328	227.52	s
227.52	227.71200000000002	s
227.71200000000002	227.904	s
227.904	228.096	s
228.096	228.288	s
229.056	229.24800000000002	s
229.24800000000002	229.44	s
229.44	229.632	s
229.632	229.824	s
229.824	230.016	s
230.016	230.208	s
230.208	230.4	s
230.4	230.592	s
230.592	230.784	s
230.784	230.976	s
230.976	231.168	s
231.744	231.936	s
231.936	232.12800000000001	s
232.12800000000001	232.32	s
232.32	232.512	s
232.512	232.704	s
232.704	232.89600000000002	s
232.89600000000002	233.088	s
233.088	233.28	s
233.472	233.66400000000002	s
233.66400000000002	233.856	s
233.856	234.048	s
234.048	234.24	s
234.24	234.43200000000002	s
234.43200000000002	234.624	s
234.624	234.816	s
234.816	235.008	s
235.008	235.20000000000002	s
235.20000000000002	235.392	s
235.392	235.584	s
236.544	236.73600000000002	s
236.73600000000002	236.928	s
236.928	237.12	s
237.12	237.312	s
237.312	237.50400000000002	s
237.50400000000002	237.696	s
237.696	237.888	s
237.888	238.08	s
238.08	238.272	s
238.272	238.464	s
238.464	238.656	s
240.0	240.192	s
240.192	240.38400000000001	s
240.38400000000001	240.576	s
240.576	240.768	s
240.768	240.96	s
240.96	241.15200000000002	s
241.15200000000002	241.344	s
241.344	241.536	s
241.536	241.728	s
244.22400000000002	244.416	s
244.416	244.608	s
244.608	244.8	s
244.8	244.99200000000002	s
244.99200000000002	245.184	s
245.184	245.376	s
245.376	245.568	s
245.568	245.76	s
245.76	245.952	s
245.952	246.144	s
246.144	246.336	s
246.336	246.528	s
246.528	246.72	s
246.72	246.912	s
246.912	247.104	s
247.104	247.296	s
247.296	247.488	s
247.488	247.68	s
249.024	249.216	s
249.216	249.40800000000002	s
249.40800000000002	249.6	s
249.6	249.792	s
249.792	249.984	s
249.984	250.17600000000002	s
250.17600000000002	250.368	s
250.368	250.56	s
250.56	250.752	s
250.752	250.94400000000002	s
250.94400000000002	251.136	s
251.136	251.328	s
251.328	251.52	s
252.288	252.48000000000002	s
252.48000000000002	252.672	s
252.672	252.864	s
252.864	253.056	s
253.056	253.24800000000002	m
253.056	253.24800000000002	s
253.24800000000002	253.44	m
253.44	253.632	m
253.632	253.824	m
253.824	254.016	m
254.016	254.208	m
254.208	254.4	m
254.4	254.592	m
254.592	254.784	m
254.784	254.976	m
254.976	255.168	m
255.168	255.36	m
255.36	255.552	m
255.552	255.744	m
255.744	255.936	m
255.936	256.128	m
256.128	256.32	m
256.32	256.512	m
256.512	256.704	m
256.704	256.896	m
256.896	257.088	m
257.088	257.28000000000003	m
257.28000000000003	257.472	m
257.472	257.664	m
257.664	257.856	m
257.856	258.048	m
258.048	258.24	m
258.048	258.24	s
258.24	258.432	m
258.24	258.432	s
258.432	258.624	m
258.432	258.624	s
258.624	258.81600000000003	m
258.624	258.81600000000003	s
258.81600000000003	259.008	m
258.81600000000003	259.008	s
259.008	259.2	m
259.008	259.2	s
259.2	259.392	m
259.2	259.392	s
259.392	259.584	m
259.392	259.584	s
259.584	259.776	m
259.584	259.776	s
259.776	259.968	m
259.968	260.16	m
260.16	260.35200000000003	m
260.35200000000003	260.544	m
260.544	260.736	m
260.736	260.928	m
260.928	261.12	m
261.12	261.312	m
261.312	261.504	m
261.504	261.696	m
261.696	261.88800000000003	m
261.88800000000003	262.08	m
262.08	262.272	m
262.272	262.464	m
262.464	262.656	m
262.656	262.848	m
262.848	263.04	m
263.04	263.232	m
263.232	263.424	m
263.424	263.616	m
263.616	263.808	m
263.808	264.0	m
264.0	264.192	m
264.192	264.384	m
264.192	264.384	s
264.384	264.576	m
264.384	264.576	s
264.576	264.76800000000003	m
264.576	264.76800000000003	s
264.76800000000003	264.96	m
264.76800000000003	264.96	s
264.96	265.152	m
264.96	265.152	s
265.152	265.344	m
265.152	265.344	s
265.344	265.536	m
265.344	265.536	s
265.536	265.728	m
265.536	265.728	s
265.728	265.92	m
265.728	265.92	s
265.92	266.112	m
265.92	266.112	s
266.112	266.30400000000003	m
266.112	266.30400000000003	s
266.30400000000003	266.496	m
266.30400000000003	266.496	s
266.496	266.688	m
266.496	266.688	s
266.688	266.88	m
266.688	266.88	s
266.88	267.072	m
267.072	267.264	m
267.264	267.456	m
267.456	267.648	m
267.648	267.84000000000003	m
267.648	267.84000000000003	s
267.84000000000003	268.032	m
267.84000000000003	268.032	s
268.032	268.224	m
268.032	268.224	s
268.224	268.416	m
268.224	268.416	s
268.416	268.608	m
268.416	268.608	s
268.608	268.8	m
268.8	268.992	m
268.992	269.184	m
269.184	269.37600000000003	m
269.37600000000003	269.568	m
269.568	269.76	m
269.76	269.952	m
269.76	269.952	s
269.952	270.144	m
269.952	270.144	s
270.144	270.336	m
270.144	270.336	s
270.336	270.528	m
270.336	270.528	s
270.528	270.72	m
270.528	270.72	s
270.72	270.912	m
270.72	270.912	s
270.912	271.104	m
271.104	271.296	m
271.296	271.488	m
271.488	271.68	m
271.488	271.68	s
271.68	271.872	m
271.68	271.872	s
271.872	272.064	m
271.872	272.064	s
272.064	272.25600000000003	m
272.064	272.25600000000003	s
272.25600000000003	272.448	m
272.25600000000003	272.448	s
272.448	272.64	m
272.448	272.64	s
272.64	272.832	m
272.64	272.832	s
272.832	273.024	m
272.832	273.024	s
273.024	273.216	m
273.024	273.216	s
273.216	273.408	m
273.216	273.408	s
273.408	273.6	m
273.408	273.6	s
273.6	273.79200000000003	m
273.6	273.79200000000003	s
273.79200000000003	273.984	m
273.79200000000003	273.984	s
273.984	274.176	m
273.984	274.176	s
274.176	274.368	m
274.176	274.368	s
274.368	274.56	m
274.368	274.56	s
274.56	274.752	m
274.56	274.752	s
274.752	274.944	m
274.752	274.944	s
274.944	275.136	m
275.136	275.32800000000003	m
275.32800000000003	275.52	m
275.32800000000003	275.52	s
275.52	275.712	m
275.52	275.712	s
275.712	275.904	m
275.712	275.904	s
275.904	276.096	m
275.904	276.096	s
276.096	276.288	m
276.096	276.288	s
276.288	276.48	m
276.288	276.48	s
276.48	276.672	m
276.48	276.672	s
276.672	276.86400000000003	m
276.672	276.86400000000003	s
276.86400000000003	277.056	m
277.056	277.248	m
277.248	277.44	m
277.44	277.632	m
277.632	277.824	m
277.824	278.016	m
278.016	278.208	m
278.208	278.40000000000003	m
278.40000000000003	278.592	m
278.592	278.784	m
278.784	278.976	m
278.976	279.168	m
279.168	279.36	m
279.168	279.36	s
279.36	279.552	m
279.36	279.552	s
279.552	279.744	m
279.552	279.744	s
279.744	279.936	m
279.744	279.936	s
279.936	280.128	m
279.936	280.128	s
280.128	280.32	m
280.128	280.32	s
280.32	280.512	m
280.32	280.512	s
280.512	280.704	m
280.512	280.704	s
280.704	280.896	m
280.704	280.896	s
280.896	281.088	m
281.088	281.28000000000003	m
281.28000000000003	281.472	m
281.472	281.664	m
281.664	281.856	m
281.856	282.048	m
282.048	282.24	m
282.24	282.432	m
282.432	282.624	m
282.624	282.81600000000003	m
282.81600000000003	283.008	m
283.008	283.2	m
283.008	283.2	s
283.2	283.392	m
283.2	283.392	s
283.392	283.584	m
283.392	283.584	s
283.584	283.776	m
283.584	283.776	s
283.776	283.968	m
283.776	283.968	s
283.968	284.16	m
283.968	284.16	s
284.16	284.35200000000003	m
284.16	284.35200000000003	s
284.35200000000003	284.544	m
284.35200000000003	284.544	s
284.544	284.736	m
284.544	284.736	s
284.736	284.928	m
284.736	284.928	s
284.928	285.12	m
285.12	285.312	m
285.312	285.504	m
285.504	285.696	m
285.696	285.88800000000003	m
285.88800000000003	286.08	m
286.08	286.272	m
286.272	286.464	m
286.464	286.656	m
286.656	286.848	m
286.656	286.848	s
286.848	287.04	m
286.848	287.04	s
287.04	287.232	m
287.04	287.232	s
287.232	287.424	m
287.232	287.424	s
287.424	287.616	m
287.424	287.616	s
287.616	287.808	m
287.616	287.808	s
287.808	288.0	m
287.808	288.0	s
288.0	288.192	m
288.0	288.192	s
288.192	288.384	m
288.192	288.384	s
288.384	288.576	m
288.384	288.576	s
288.576	288.76800000000003	m
288.76800000000003	288.96	m
288.96	289.152	m
289.152	289.344	m
289.344	289.536	m
289.536	289.728	m
289.536	289.728	s
289.728	289.92	m
289.728	289.92	s
289.92	290.112	m
289.92	290.112	s
290.112	290.30400000000003	m
290.112	290.30400000000003	s
290.30400000000003	290.496	m
290.30400000000003	290.496	s
290.496	290.688	m
290.496	290.688	s
290.688	290.88	m
290.88	291.072	m
291.072	291.264	m
291.264	291.456	m
291.456	291.648	m
291.648	291.84000000000003	m
291.84000000000003	292.032	m
291.84000000000003	292.032	s
292.032	292.224	m
292.032	292.224	s
292.224	292.416	m
292.224	292.416	s
292.416	292.608	m
292.416	292.608	s
292.608	292.8	m
292.608	292.8	s
292.8	292.992	m
292.8	292.992	s
292.992	293.184	m
292.992	293.184	s
293.184	293.37600000000003	m
293.184	293.37600000000003	s
293.37600000000003	293.568	m
293.37600000000003	293.568	s
293.568	293.76	m
293.568	293.76	s
293.76	293.952	m
293.952	294.144	m
293.952	294.144	s
294.144	294.336	m
294.144	294.336	s
294.336	294.528	m
294.336	294.528	s
294.528	294.72	m
294.528	294.72	s
294.72	294.91200000000003	m
294.72	294.91200000000003	s
294.91200000000003	295.104	m
294.91200000000003	295.104	s
295.104	295.296	m
295.104	295.296	s
295.296	295.488	m
295.296	295.488	s
295.488	295.68	m
295.488	295.68	s
295.68	295.872	m
295.68	295.872	s
295.872	296.064	m
295.872	296.064	s
296.064	296.25600000000003	m
296.064	296.25600000000003	s
296.25600000000003	296.448	m
296.25600000000003	296.448	s
296.448	296.64	m
296.448	296.64	s
296.64	296.832	m
296.64	296.832	s
296.832	297.024	m
296.832	297.024	s
297.024	297.216	m
297.024	297.216	s
297.216	297.408	m
297.216	297.408	s
297.408	297.6	m
297.408	297.6	s
297.6	297.79200000000003	m
297.6	297.79200000000003	s
297.79200000000003	297.984	m
297.984	298.176	m
297.984	298.176	s
298.176	298.368	m
298.176	298.368	s
298.368	298.56	m
298.368	298.56	s
298.56	298.752	m
298.56	298.752	s
298.752	298.944	m
298.944	299.136	m
299.136	299.32800000000003	m
299.32800000000003	299.52	m
299.52	299.712	m
299.712	299.904	m
299.904	300.096	m
299.904	300.096	s
300.096	300.288	m
300.096	300.288	s
300.288	300.48	m
300.288	300.48	s
300.48	300.672	m
300.48	300.672	s
300.672	300.86400000000003	m
300.672	300.86400000000003	s
300.86400000000003	301.056	m
300.86400000000003	301.056	s
301.056	301.248	m
301.056	301.248	s
301.248	301.44	m
301.248	301.44	s
301.44	301.632	m
301.44	301.632	s
301.632	301.824	m
301.632	301.824	s
301.824	302.016	m
301.824	302.016	s
302.016	302.208	m
302.016	302.208	s
302.208	302.40000000000003	m
302.208	302.40000000000003	s
302.40000000000003	302.592	m
302.40000000000003	302.592	s
302.592	302.784	m
302.592	302.784	s
302.784	302.976	m
302.784	302.976	s
302.976	303.168	m
302.976	303.168	s
303.168	303.36	m
303.168	303.36	s
303.36	303.552	m
303.36	303.552	s
303.552	303.744	m
303.552	303.744	s
303.744	303.936	m
303.744	303.936	s
303.936	304.128	m
303.936	304.128	s
304.128	304.32	m
304.128	304.32	s
304.32	304.512	m
304.32	304.512	s
304.512	304.704	m
304.512	304.704	s
304.704	304.896	m
304.704	304.896	s
304.896	305.088	m
304.896	305.088	s
305.088	305.28000000000003	m
305.088	305.28000000000003	s
305.28000000000003	305.472	m
305.28000000000003	305.472	s
305.472	305.664	m
305.664	305.856	m
305.856	306.048	m
306.048	306.24	m
306.24	306.432	m
306.24	306.432	s
306.432	306.624	m
306.432	306.624	s
306.624	306.81600000000003	m
306.624	306.81600000000003	s
306.81600000000003	307.008	m
306.81600000000003	307.008	s
307.008	307.2	m
307.008	307.2	s
307.2	307.392	m
307.2	307.392	s
307.392	307.584	m
307.392	307.584	s
307.584	307.776	m
307.584	307.776	s
307.776	307.968	m
307.968	308.16	m
308.16	308.35200000000003	m
308.35200000000003	308.544	m
308.544	308.736	m
308.736	308.928	m
308.736	308.928	s
308.928	309.12	m
308.928	309.12	s
309.12	309.312	m
309.12	309.312	s
309.312	309.504	m
309.312	309.504	s
309.504	309.696	m
309.504	309.696	s
309.696	309.88800000000003	m
309.696	309.88800000000003	s
309.88800000000003	310.08	m
309.88800000000003	310.08	s
310.08	310.272	m
310.08	310.272	s
310.272	310.464	m
310.272	310.464	s
310.464	310.656	m
310.464	310.656	s
310.656	310.848	m
310.656	310.848	s
310.848	311.04	m
310.848	311.04	s
311.04	311.232	m
311.232	311.424	m
311.424	311.616	m
311.616	311.808	m
311.808	312.0	m
312.0	312.192	m
312.192	312.384	m
312.384	312.576	m
312.576	312.76800000000003	m
312.76800000000003	312.96	m
312.96	313.152	m
313.152	313.344	m
313.344	313.536	m
313.536	313.728	m
313.728	313.92	m
313.92	314.112	m
314.112	314.30400000000003	m
314.30400000000003	314.496	m
314.496	314.688	m
314.688	314.88	m
314.88	315.072	m
315.072	315.264	m
315.264	315.456	m
315.456	315.648	m
315.648	315.84000000000003	m
315.84000000000003	316.032	m
316.032	316.224	m
316.224	316.416	m
316.416	316.608	m
316.608	316.8	m
316.8	316.992	m
316.992	317.184	m
317.184	317.37600000000003	m
317.37600000000003	317.568	m
317.568	317.76	m
317.76	317.952	m
317.952	318.144	m
318.144	318.336	m
318.336	318.528	m
318.528	318.72	m
318.72	318.91200000000003	m
318.91200000000003	319.104	m
319.104	319.296	m
319.296	319.488	m
319.488	319.68	m
319.68	319.872	m
319.872	320.064	m
320.064	320.25600000000003	m
320.25600000000003	320.448	m
320.448	320.64	m
320.64	320.832	m
320.832	321.024	m
321.024	321.216	m
321.216	321.408	m
321.408	321.6	m
321.6	321.79200000000003	m
321.79200000000003	321.984	m
321.984	322.176	m
322.176	322.368	m
322.368	322.56	m
322.56	322.752	m
322.752	322.944	m
322.944	323.136	m
323.136	323.32800000000003	m
323.32800000000003	323.52	m
323.52	323.712	m
323.712	323.904	m
323.712	323.904	s
323.904	324.096	m
323.904	324.096	s
324.096	324.288	m
324.096	324.288	s
324.288	324.48	m
324.288	324.48	s
324.48	324.672	m
324.48	324.672	s
324.672	324.86400000000003	m
324.672	324.86400000000003	s
324.86400000000003	325.056	m
324.86400000000003	325.056	s
325.056	325.248	m
325.056	325.248	s
325.248	325.44	m
325.248	325.44	s
325.44	325.632	m
325.44	325.632	s
325.632	325.824	m
325.632	325.824	s
325.824	326.016	m
325.824	326.016	s
326.016	326.208	m
326.016	326.208	s
326.208	326.40000000000003	m
326.208	326.40000000000003	s
326.40000000000003	326.592	m
326.40000000000003	326.592	s
326.592	326.784	m
326.784	326.976	m
326.976	327.168	m
327.168	327.36	m
327.36	327.552	m
327.552	327.744	m
327.744	327.936	m
327.936	328.128	m
328.128	328.32	m
328.32	328.512	m
328.512	328.704	m
328.704	328.896	m
328.896	329.088	m
329.088	329.28000000000003	m
329.28000000000003	329.472	m
329.472	329.664	m
329.664	329.856	m
329.856	330.048	m
330.048	330.24	m
330.24	330.432	m
330.432	330.624	m
330.624	330.81600000000003	m
330.81600000000003	331.008	m
331.008	331.2	m
331.2	331.392	m
331.392	331.584	m
331.584	331.776	m
331.776	331.968	m
331.968	332.16	m
332.16	332.35200000000003	m
332.16	332.35200000000003	s
332.35200000000003	332.544	m
332.35200000000003	332.544	s
332.544	332.736	m
332.544	332.736	s
332.736	332.928	m
332.736	332.928	s
332.928	333.12	m
332.928	333.12	s
333.12	333.312	m
333.12	333.312	s
333.312	333.504	m
333.312	333.504	s
333.504	333.696	m
333.504	333.696	s
333.696	333.88800000000003	m
333.696	333.88800000000003	s
333.88800000000003	334.08	m
333.88800000000003	334.08	s
334.08	334.272	m
334.08	334.272	s
334.272	334.464	m
334.464	334.656	m
334.656	334.848	m
334.848	335.04	m
335.04	335.232	m
335.232	335.42400000000004	m
335.42400000000004	335.616	m
335.616	335.808	m
335.808	336.0	m
336.0	336.192	m
336.192	336.384	m
336.192	336.384	s
336.384	336.576	m
336.384	336.576	s
336.576	336.76800000000003	m
336.576	336.76800000000003	s
336.76800000000003	336.96	m
336.76800000000003	336.96	s
336.96	337.152	m
336.96	337.152	s
337.152	337.344	m
337.152	337.344	s
337.344	337.536	m
337.536	337.728	m
337.728	337.92	m
337.92	338.112	m
338.112	338.30400000000003	m
338.30400000000003	338.496	m
338.496	338.688	m
338.688	338.88	m
338.688	338.88	s
338.88	339.072	m
338.88	339.072	s
339.072	339.264	m
339.072	339.264	s
339.264	339.456	m
339.264	339.456	s
339.456	339.648	m
339.648	339.84000000000003	m
339.84000000000003	340.032	m
340.032	340.224	m
340.224	340.416	m
340.416	340.608	m
340.608	340.8	m
340.8	340.992	m
340.992	341.184	m
341.184	341.37600000000003	m
341.37600000000003	341.568	m
341.568	341.76	m
341.76	341.952	m
341.76	341.952	s
341.952	342.144	m
341.952	342.144	s
342.144	342.336	m
342.144	342.336	s
342.336	342.528	m
342.336	342.528	s
342.528	342.72	m
342.528	342.72	s
342.72	342.91200000000003	m
342.72	342.91200000000003	s
342.91200000000003	343.104	m
343.104	343.296	m
343.104	343.296	s
343.296	343.488	m
343.296	343.488	s
343.488	343.68	m
343.488	343.68	s
343.68	343.872	m
343.68	343.872	s
343.872	344.064	m
343.872	344.064	s
344.064	344.25600000000003	m
344.064	344.25600000000003	s
344.25600000000003	344.448	m
344.25600000000003	344.448	s
344.448	344.64	m
344.448	344.64	s
344.64	344.832	m
344.832	345.024	m
345.024	345.216	m
345.216	345.408	m
345.408	345.6	m
345.408	345.6	s
345.6	345.79200000000003	m
345.6	345.79200000000003	s
345.79200000000003	345.984	m
345.79200000000003	345.984	s
345.984	346.176	m
345.984	346.176	s
346.176	346.368	m
346.176	346.368	s
346.368	346.56	m
346.368	346.56	s
346.56	346.752	m
346.56	346.752	s
346.752	346.944	m
346.752	346.944	s
346.944	347.136	m
347.136	347.32800000000003	m
347.32800000000003	347.52	m
347.52	347.712	m
347.712	347.904	m
347.904	348.096	m
348.096	348.288	m
348.288	348.48	m
348.48	348.672	m
348.672	348.86400000000003	m
348.86400000000003	349.056	m
349.056	349.248	m
349.248	349.44	m
349.44	349.632	m
349.632	349.824	m
349.824	350.016	m
350.016	350.208	m
350.208	350.40000000000003	m
350.40000000000003	350.592	m
350.592	350.784	m
350.784	350.976	m
350.976	351.168	m
379.968	380.16	s
380.16	380.35200000000003	s
380.35200000000003	380.544	s
380.544	380.736	s
380.736	380.928	s
423.168	423.36	s
423.36	423.552	s
423.552	423.744	s
423.744	423.93600000000004	s
423.93600000000004	424.128	s
424.128	424.32	s
424.32	424.512	s
425.28000000000003	425.47200000000004	s
425.47200000000004	425.664	s
425.664	425.856	s
425.856	426.048	s
426.048	426.24	s
426.24	426.432	s
426.432	426.624	s
426.624	426.81600000000003	s
426.81600000000003	427.008	s
427.008	427.2	s
432.0	432.192	s
432.192	432.384	s
432.384	432.576	s
432.576	432.76800000000003	s
432.76800000000003	432.96000000000004	s
432.96000000000004	433.152	s
433.152	433.344	s
433.344	433.536	s
437.184	437.37600000000003	s
437.37600000000003	437.568	s
437.568	437.76	s
437.76	437.952	s
437.952	438.144	s
438.144	438.336	s
438.336	438.528	s
438.528	438.72	s
438.72	438.91200000000003	s
438.91200000000003	439.104	s
439.104	439.296	s
439.296	439.488	s
439.488	439.68	s
439.68	439.872	s
439.872	440.064	s
442.752	442.944	s
442.944	443.136	s
445.248	445.44	s
445.44	445.632	s
445.632	445.824	s
445.824	446.016	s
446.016	446.208	s
446.208	446.40000000000003	s
446.40000000000003	446.592	s
446.592	446.784	s
446.784	446.976	s
446.976	447.168	s
447.168	447.36	s
447.36	447.552	s
447.552	447.744	s
447.744	447.93600000000004	s
447.93600000000004	448.128	s
448.128	448.32	s
448.896	449.088	s
449.088	449.28000000000003	s
449.28000000000003	449.47200000000004	s
449.47200000000004	449.664	s
449.856	450.048	s
450.048	450.24	s
450.24	450.432	s
450.432	450.624	s
456.96000000000004	457.152	s
457.152	457.344	s
457.344	457.536	s
457.536	457.728	s
457.728	457.92	s
457.92	458.112	s
458.112	458.30400000000003	s
458.30400000000003	458.49600000000004	s
458.49600000000004	458.688	s
459.456	459.648	s
459.648	459.84000000000003	s
459.84000000000003	460.032	s
460.032	460.224	s
460.224	460.416	s
460.416	460.608	s
460.608	460.8	s
460.8	460.992	s
460.992	461.184	s
461.184	461.37600000000003	s
461.37600000000003	461.568	s
461.568	461.76	s
461.76	461.952	s
461.952	462.144	s
462.144	462.336	s
462.336	462.528	s
462.528	462.72	s
462.72	462.91200000000003	s
462.91200000000003	463.104	s
463.104	463.296	s
463.296	463.488	s
463.488	463.68	s
463.68	463.872	s
463.872	464.064	s
464.064	464.25600000000003	s
464.25600000000003	464.44800000000004	s
464.44800000000004	464.64	s
464.64	464.832	s
464.832	465.024	s
465.024	465.216	s
465.216	465.408	s
465.408	465.6	s
465.6	465.79200000000003	s
465.79200000000003	465.98400000000004	s
465.98400000000004	466.176	s
466.176	466.368	s
466.368	466.56	s
466.56	466.752	s
466.752	466.944	s
466.944	467.136	s
467.136	467.32800000000003	s
467.32800000000003	467.52	s
467.52	467.712	s
467.712	467.904	s
467.904	468.096	s
468.096	468.288	s
468.288	468.48	s
468.48	468.672	s
468.672	468.86400000000003	s
468.86400000000003	469.056	s
469.44	469.632	s
469.632	469.824	s
469.824	470.016	s
470.016	470.208	s
470.208	470.40000000000003	s
470.40000000000003	470.592	s
470.592	470.784	s
470.784	470.976	s
470.976	471.168	s
471.168	471.36	s
471.36	471.552	s
471.552	471.744	s
471.744	471.93600000000004	s
471.93600000000004	472.128	s
472.128	472.32	s
472.32	472.512	s
475.2	475.392	s
475.392	475.584	s
475.584	475.776	s
475.776	475.968	s
475.968	476.16	s
476.16	476.35200000000003	s
476.35200000000003	476.544	s
476.544	476.736	s
489.6	489.79200000000003	s
489.79200000000003	489.98400000000004	s
489.98400000000004	490.176	s
490.176	490.368	s
490.368	490.56	s
490.56	490.752	s
490.752	490.944	s
495.744	495.93600000000004	s
495.93600000000004	496.128	s
496.128	496.32	s
496.32	496.512	s
496.512	496.704	s
496.704	496.896	s
498.81600000000003	499.00800000000004	s
499.00800000000004	499.2	s
499.2	499.392	s
499.392	499.584	s
500.35200000000003	500.544	s
500.544	500.736	s
500.736	500.928	s
500.928	501.12	s
501.12	501.312	s
503.232	503.42400000000004	s
503.42400000000004	503.616	s
503.616	503.808	s
503.808	504.0	s
504.76800000000003	504.96000000000004	s
504.96000000000004	505.152	s
505.152	505.344	s
505.344	505.536	s
505.536	505.728	s
505.728	505.92	s
505.92	506.112	s
506.112	506.30400000000003	s
508.032	508.224	s
508.224	508.416	s
508.416	508.608	s
508.608	508.8	s
508.8	508.992	s
508.992	509.184	s
509.184	509.37600000000003	s
509.37600000000003	509.568	s
509.568	509.76	s
509.76	509.952	s
509.952	510.144	s
510.144	510.336	s
510.336	510.528	s
513.408	513.6	s
513.6	513.792	s
513.792	513.984	s
513.984	514.176	s
514.176	514.368	s
514.368	514.5600000000001	s
514.5600000000001	514.7520000000001	s
527.232	527.424	s
527.424	527.616	s
527.616	527.808	s
527.808	528.0	s
528.0	528.192	s
528.192	528.384	s
528.384	528.576	s
528.576	528.768	s
528.768	528.96	s
528.96	529.152	s
529.152	529.344	s
529.344	529.5360000000001	s
529.5360000000001	529.7280000000001	s
529.7280000000001	529.92	s
529.92	530.112	s
530.112	530.304	s
530.304	530.496	s
530.496	530.688	s
530.688	530.88	s
530.88	531.072	s
531.072	531.264	s
531.264	531.456	s
531.456	531.648	s
531.648	531.84	s
531.84	532.032	s
532.032	532.224	s
532.224	532.416	s
532.416	532.6080000000001	s
532.6080000000001	532.8	s
532.8	532.992	s
532.992	533.184	s
533.184	533.376	s
533.376	533.568	s
533.568	533.76	s
533.76	533.952	s
533.952	534.144	s
534.144	534.336	s
534.336	534.528	s
534.528	534.72	s
534.72	534.912	s
536.64	536.832	s
536.832	537.024	s
537.024	537.216	s
537.216	537.408	s
539.136	539.328	s
539.328	539.52	s
539.52	539.712	s
539.712	539.904	s
539.904	540.096	s
540.096	540.288	s
540.288	540.48	s
540.48	540.672	s
540.672	540.864	s
540.864	541.056	s
541.056	541.248	s
541.248	541.44	s
541.44	541.6320000000001	s
541.6320000000001	541.824	s
541.824	542.016	s
542.016	542.208	s
542.208	542.4	s
542.4	542.592	s
542.592	542.784	s
542.784	542.976	s
542.976	543.168	s
543.168	543.36	s
543.36	543.552	s
543.552	543.744	s
544.32	544.5120000000001	s
544.5120000000001	544.7040000000001	s
544.7040000000001	544.896	s
544.896	545.088	s
545.088	545.28	s
545.28	545.472	s
545.472	545.664	s
557.184	557.376	s
557.376	557.568	s
557.568	557.76	s
557.76	557.952	s
557.952	558.144	s
558.144	558.336	s
558.336	558.528	s
560.064	560.256	s
560.256	560.448	s
560.448	560.64	s
560.64	560.832	s
561.216	561.408	s
561.408	561.6	s
561.6	561.792	s
561.792	561.984	s
561.984	562.176	s
562.176	562.368	s
562.368	562.5600000000001	s
562.5600000000001	562.7520000000001	s
562.7520000000001	562.944	m
562.7520000000001	562.944	s
562.944	563.136	m
562.944	563.136	s
563.136	563.328	m
563.136	563.328	s
563.328	563.52	m
563.328	563.52	s
563.52	563.712	m
563.52	563.712	s
563.712	563.904	m
563.712	563.904	s
563.904	564.096	m
563.904	564.096	s
564.096	564.288	m
564.096	564.288	s
564.288	564.48	m
564.288	564.48	s
564.48	564.672	m
564.48	564.672	s
564.672	564.864	m
564.672	564.864	s
564.864	565.056	m
564.864	565.056	s
565.056	565.248	m
565.056	565.248	s
565.248	565.44	m
565.248	565.44	s
565.44	565.6320000000001	m
565.44	565.6320000000001	s
565.6320000000001	565.824	m
565.6320000000001	565.824	s
565.824	566.016	m
566.016	566.208	m
566.208	566.4	m
566.4	566.592	m
566.592	566.784	m
566.784	566.976	m
566.976	567.168	m
567.168	567.36	m
567.36	567.552	m
567.744	567.936	m
567.936	568.128	m
568.128	568.32	s
568.32	568.5120000000001	s
568.5120000000001	568.7040000000001	m
568.5120000000001	568.7040000000001	s
568.7040000000001	568.896	s
568.896	569.088	s
569.088	569.28	s
569.28	569.472	s
569.472	569.664	s
569.664	569.856	s
569.856	570.048	s
570.048	570.24	s
570.24	570.432	s
570.432	570.624	s
570.624	570.816	s
570.816	571.008	s
571.008	571.2	s
571.2	571.392	s
571.392	571.5840000000001	s
571.5840000000001	571.7760000000001	s
571.7760000000001	571.968	s
571.968	572.16	s
572.16	572.352	s
572.352	572.544	s
572.544	572.736	s
573.12	573.312	m
573.312	573.504	m
573.312	573.504	s
573.504	573.696	s
573.696	573.888	s
573.888	574.08	s
574.08	574.272	s
574.272	574.464	s
574.464	574.6560000000001	s
574.6560000000001	574.848	s
574.848	575.04	s
575.04	575.232	s
575.232	575.424	s
577.344	577.5360000000001	s
577.5360000000001	577.7280000000001	s
577.7280000000001	577.92	s
577.92	578.112	s
578.112	578.304	s
578.304	578.496	s
578.496	578.688	s
578.688	578.88	s
578.88	579.072	s
580.6080000000001	580.8000000000001	s
580.8000000000001	580.992	s
580.992	581.184	s
581.184	581.376	s
581.376	581.568	s
581.568	581.76	s
581.76	581.952	s
581.952	582.144	s
582.144	582.336	s
582.336	582.528	s
582.528	582.72	s
584.064	584.256	s
584.256	584.448	s
584.448	584.64	s
584.64	584.832	s
584.832	585.024	s
586.7520000000001	586.944	s
586.944	587.136	s
587.136	587.328	s
587.328	587.52	s
587.52	587.712	s
587.712	587.904	s
590.016	590.208	s
590.208	590.4	s
590.4	590.592	s
590.592	590.784	s
590.784	590.976	s
590.976	591.168	s
592.5120000000001	592.7040000000001	s
592.7040000000001	592.896	s
592.896	593.088	s
593.088	593.28	s
593.28	593.472	s
593.472	593.664	s
593.664	593.856	s
602.88	603.072	s
603.072	603.264	s
603.264	603.456	s
603.456	603.648	s
603.648	603.84	s
603.84	604.032	s
604.032	604.224	s
604.224	604.416	s
604.416	604.6080000000001	s
604.6080000000001	604.8000000000001	s
604.8000000000001	604.992	s
604.992	605.184	s
605.184	605.376	s
605.376	605.568	s
605.568	605.76	s
605.76	605.952	s
605.952	606.144	s
609.6	609.792	s
609.792	609.984	s
609.984	610.176	s
610.176	610.368	s
610.368	610.5600000000001	s
610.5600000000001	610.7520000000001	s
610.7520000000001	610.944	s
610.944	611.136	s
611.136	611.328	s
611.328	611.52	s
611.52	611.712	s
615.36	615.552	s
615.552	615.744	s
615.744	615.936	s
615.936	616.128	s
616.128	616.32	s
616.32	616.5120000000001	s
616.5120000000001	616.7040000000001	s
617.472	617.664	s
626.688	626.88	s
626.88	627.072	s
627.072	627.264	s
627.264	627.456	s
627.456	627.648	s
627.648	627.84	s
627.84	628.032	s
628.032	628.224	s
628.224	628.416	s
628.416	628.6080000000001	s
628.6080000000001	628.8000000000001	s
628.8000000000001	628.992	s
628.992	629.184	s
629.184	629.376	s
629.376	629.568	s
629.568	629.76	s
629.76	629.952	s
629.952	630.144	s
630.144	630.336	s
630.336	630.528	s
630.528	630.72	m
630.72	630.912	s
630.912	631.104	s
631.104	631.296	m
631.104	631.296	s
631.296	631.488	m
631.296	631.488	s
631.488	631.6800000000001	m
631.488	631.6800000000001	s
631.6800000000001	631.872	s
631.872	632.064	s
632.064	632.256	m
632.064	632.256	s
632.256	632.448	m
632.256	632.448	s
632.448	632.64	m
632.448	632.64	s
632.64	632.832	m
632.64	632.832	s
632.832	633.024	m
632.832	633.024	s
633.024	633.216	m
633.024	633.216	s
633.216	633.408	m
633.216	633.408	s
633.408	633.6	m
633.408	633.6	s
633.6	633.792	m
633.792	633.984	m
633.984	634.176	m
634.176	634.368	m
634.176	634.368	s
634.368	634.5600000000001	m
634.368	634.5600000000001	s
634.5600000000001	634.7520000000001	m
634.5600000000001	634.7520000000001	s
634.7520000000001	634.944	m
634.7520000000001	634.944	s
634.944	635.136	m
634.944	635.136	s
635.136	635.328	m
635.136	635.328	s
635.328	635.52	m
635.328	635.52	s
635.52	635.712	m
635.52	635.712	s
635.712	635.904	m
635.712	635.904	s
635.904	636.096	m
635.904	636.096	s
636.096	636.288	m
636.096	636.288	s
636.288	636.48	m
636.288	636.48	s
636.48	636.672	m
636.48	636.672	s
636.672	636.864	m
636.672	636.864	s
636.864	637.056	m
636.864	637.056	s
637.056	637.248	m
637.056	637.248	s
637.248	637.44	m
637.44	637.6320000000001	m
637.44	637.6320000000001	s
637.6320000000001	637.8240000000001	m
637.6320000000001	637.8240000000001	s
637.8240000000001	638.016	m
637.8240000000001	638.016	s
638.016	638.208	m
638.016	638.208	s
638.208	638.4	m
638.208	638.4	s
638.4	638.592	m
638.4	638.592	s
638.592	638.784	m
638.592	638.784	s
638.784	638.976	m
638.784	638.976	s
638.976	639.168	m
638.976	639.168	s
639.168	639.36	m
639.168	639.36	s
639.36	639.552	m
639.36	639.552	s
639.552	639.744	m
639.744	639.936	m
639.936	640.128	m
639.936	640.128	s
640.128	640.32	m
640.128	640.32	s
640.32	640.5120000000001	m
640.32	640.5120000000001	s
640.5120000000001	640.7040000000001	m
640.5120000000001	640.7040000000001	s
640.7040000000001	640.896	m
640.896	641.088	m
641.088	641.28	m
641.28	641.472	m
641.472	641.664	m
641.664	641.856	m
641.856	642.048	m
642.048	642.24	m
642.24	642.432	m
642.432	642.624	m
642.624	642.816	m
642.816	643.008	m
643.008	643.2	m
643.2	643.392	m
643.392	643.5840000000001	m
643.5840000000001	643.7760000000001	m
643.5840000000001	643.7760000000001	s
643.7760000000001	643.968	m
643.7760000000001	643.968	s
643.968	644.16	m
643.968	644.16	s
644.16	644.352	m
644.16	644.352	s
644.352	644.544	m
644.352	644.544	s
644.544	644.736	m
644.544	644.736	s
644.736	644.928	m
644.928	645.12	m
645.12	645.312	m
645.312	645.504	m
645.504	645.696	m
645.696	645.888	m
645.888	646.08	m
646.08	646.272	m
646.272	646.464	m
646.464	646.6560000000001	m
646.6560000000001	646.8480000000001	m
646.8480000000001	647.04	m
646.8480000000001	647.04	s
647.04	647.232	m
647.04	647.232	s
647.232	647.424	m
647.232	647.424	s
647.424	647.616	m
647.424	647.616	s
647.616	647.808	m
647.616	647.808	s
647.808	648.0	m
647.808	648.0	s
648.0	648.192	m
648.0	648.192	s
648.192	648.384	m
648.192	648.384	s
648.384	648.576	m
648.576	648.768	m
648.576	648.768	s
648.768	648.96	m
648.768	648.96	s
648.96	649.152	m
648.96	649.152	s
649.152	649.344	m
649.152	649.344	s
649.344	649.5360000000001	m
649.344	649.5360000000001	s
649.5360000000001	649.7280000000001	m
649.5360000000001	649.7280000000001	s
649.7280000000001	649.92	m
649.7280000000001	649.92	s
649.92	650.112	m
649.92	650.112	s
650.112	650.304	m
650.112	650.304	s
650.304	650.496	m
650.304	650.496	s
650.496	650.688	m
650.688	650.88	m
650.88	651.072	m
651.072	651.264	m
651.264	651.456	m
651.456	651.648	m
651.648	651.84	m
651.84	652.032	m
652.032	652.224	m
652.224	652.416	m
652.416	652.6080000000001	m
652.6080000000001	652.8000000000001	m
652.8000000000001	652.992	m
652.992	653.184	m
653.184	653.376	m
653.376	653.568	m
653.568	653.76	m
653.568	653.76	s
653.76	653.952	m
653.76	653.952	s
653.952	654.144	m
653.952	654.144	s
654.144	654.336	m
654.144	654.336	s
654.336	654.528	m
654.336	654.528	s
654.528	654.72	m
654.528	654.72	s
654.72	654.912	m
654.72	654.912	s
654.912	655.104	m
654.912	655.104	s
655.104	655.296	m
655.104	655.296	s
655.296	655.488	m
655.296	655.488	s
655.488	655.6800000000001	m
655.488	655.6800000000001	s
655.6800000000001	655.872	m
655.6800000000001	655.872	s
655.872	656.064	m
655.872	656.064	s
656.064	656.256	m
656.064	656.256	s
656.256	656.448	m
656.448	656.64	m
656.64	656.832	m
656.832	657.024	m
657.024	657.216	m
657.216	657.408	m
657.408	657.6	m
657.6	657.792	m
657.792	657.984	m
657.792	657.984	s
657.984	658.176	m
657.984	658.176	s
658.176	658.368	m
658.176	658.368	s
658.368	658.5600000000001	m
658.368	658.5600000000001	s
658.5600000000001	658.7520000000001	m
658.5600000000001	658.7520000000001	s
658.7520000000001	658.944	m
658.7520000000001	658.944	s
658.944	659.136	m
659.136	659.328	m
659.328	659.52	m
659.52	659.712	m
659.712	659.904	m
659.904	660.096	m
660.096	660.288	m
660.288	660.48	m
660.48	660.672	m
660.672	660.864	m
660.672	660.864	s
660.864	661.056	m
660.864	661.056	s
661.056	661.248	m
661.056	661.248	s
661.248	661.44	m
661.248	661.44	s
661.44	661.6320000000001	m
661.44	661.6320000000001	s
661.6320000000001	661.8240000000001	m
661.6320000000001	661.8240000000001	s
661.8240000000001	662.016	m
661.8240000000001	662.016	s
662.016	662.208	m
662.016	662.208	s
662.208	662.4	m
662.4	662.592	m
662.592	662.784	m
662.784	662.976	m
662.976	663.168	m
663.168	663.36	m
663.36	663.552	m
663.552	663.744	m
663.744	663.936	m
663.936	664.128	m
664.128	664.32	m
664.32	664.5120000000001	m
664.5120000000001	664.7040000000001	m
664.7040000000001	664.896	m
664.896	665.088	m
665.088	665.28	m
665.28	665.472	m
665.472	665.664	m
665.664	665.856	m
665.856	666.048	m
666.048	666.24	m
666.24	666.432	m
666.432	666.624	m
666.624	666.816	m
666.816	667.008	m
667.008	667.2	m
667.2	667.392	m
667.392	667.5840000000001	m
667.5840000000001	667.7760000000001	m
667.7760000000001	667.968	m
667.968	668.16	m
668.16	668.352	m
668.352	668.544	m
668.544	668.736	m
668.736	668.928	m
668.928	669.12	m
669.12	669.312	m
669.312	669.504	m
669.504	669.696	m
669.696	669.888	m
669.888	670.08	m
670.08	670.272	m
670.272	670.464	m
670.464	670.6560000000001	m
670.6560000000001	670.8480000000001	m
670.6560000000001	670.8480000000001	s
670.8480000000001	671.04	m
670.8480000000001	671.04	s
671.04	671.232	m
671.04	671.232	s
671.232	671.424	m
671.232	671.424	s
671.424	671.616	m
671.424	671.616	s
671.616	671.808	m
671.616	671.808	s
671.808	672.0	m
672.0	672.192	m
672.0	672.192	s
672.192	672.384	m
672.192	672.384	s
672.384	672.576	m
672.384	672.576	s
672.576	672.768	m
672.576	672.768	s
672.768	672.96	m
672.768	672.96	s
672.96	673.152	m
672.96	673.152	s
673.152	673.344	m
673.152	673.344	s
673.344	673.5360000000001	m
673.344	673.5360000000001	s
673.5360000000001	673.7280000000001	m
673.5360000000001	673.7280000000001	s
673.7280000000001	673.92	m
673.92	674.112	m
674.112	674.304	m
674.304	674.496	m
674.496	674.688	m
674.496	674.688	s
674.688	674.88	m
674.688	674.88	s
674.88	675.072	m
674.88	675.072	s
675.072	675.264	s
675.264	675.456	s
675.456	675.648	s
675.648	675.84	s
675.84	676.032	s
676.032	676.224	s
676.224	676.416	s
676.416	676.6080000000001	s
676.6080000000001	676.8000000000001	s
676.8000000000001	676.992	s
676.992	677.184	s
677.184	677.376	s
677.376	677.568	m
677.376	677.568	s
677.568	677.76	m
677.76	677.952	m
677.952	678.144	m
678.144	678.336	m
678.336	678.528	m
678.528	678.72	m
678.72	678.912	m
678.912	679.104	m
679.104	679.296	m
679.296	679.488	m
679.488	679.6800000000001	m
679.6800000000001	679.8720000000001	m
679.8720000000001	680.064	m
680.064	680.256	m
680.256	680.448	m
680.448	680.64	m
680.64	680.832	m
680.832	681.024	m
694.6560000000001	694.8480000000001	s
694.8480000000001	695.04	s
695.04	695.232	s
695.232	695.424	s
695.424	695.616	s
695.616	695.808	s
695.808	696.0	s
696.0	696.192	s
696.192	696.384	s
714.432	714.624	s
714.624	714.816	s
742.08	742.272	s
742.272	742.464	s
742.464	742.6560000000001	s
758.016	758.208	s
796.416	796.6080000000001	s
796.6080000000001	796.8000000000001	s
796.8000000000001	796.992	s
797.952	798.144	s
798.144	798.336	s
798.336	798.528	s
798.528	798.72	s
798.72	798.912	s
798.912	799.104	s
799.104	799.296	s
799.296	799.488	s
799.6800000000001	799.8720000000001	s
799.8720000000001	800.064	s
800.064	800.256	s
800.256	800.448	s
800.448	800.64	s
800.64	800.832	s
800.832	801.024	s
801.024	801.216	s
801.216	801.408	s
801.408	801.6	s
801.6	801.792	s
801.792	801.984	s
801.984	802.176	s
802.176	802.368	s
802.368	802.5600000000001	s
802.5600000000001	802.7520000000001	s
802.7520000000001	802.944	s
802.944	803.136	s
803.136	803.328	s
803.328	803.52	s
803.52	803.712	s
803.712	803.904	s
803.904	804.096	s
804.096	804.288	s
806.016	806.208	s
806.208	806.4	s
806.4	806.592	s
806.592	806.784	s
806.784	806.976	s
806.976	807.168	s
807.168	807.36	s
807.36	807.552	s
807.552	807.744	s
807.744	807.936	s
807.936	808.128	s
808.128	808.32	s
808.32	808.5120000000001	s
808.5120000000001	808.7040000000001	s
808.7040000000001	808.8960000000001	s
809.664	809.856	s
809.856	810.048	s
810.048	810.24	s
810.24	810.432	s
810.432	810.624	s
810.624	810.816	s
810.816	811.008	s
811.008	811.2	s
811.2	811.392	s
811.5840000000001	811.7760000000001	s
811.7760000000001	811.968	s
811.968	812.16	s
812.16	812.352	s
812.352	812.544	s
812.544	812.736	s
812.736	812.928	s
812.928	813.12	s
813.12	813.312	s
813.312	813.504	s
813.504	813.696	s
813.696	813.888	s
813.888	814.08	s
816.384	816.576	s
816.576	816.768	s
816.768	816.96	s
816.96	817.152	s
817.152	817.344	s
817.344	817.5360000000001	s
824.256	824.448	s
824.448	824.64	s
824.64	824.832	s
824.832	825.024	s
825.024	825.216	s
825.792	825.984	s
825.984	826.176	s
826.176	826.368	s
826.368	826.5600000000001	s
826.5600000000001	826.7520000000001	s
826.7520000000001	826.9440000000001	s
826.9440000000001	827.136	s
827.136	827.328	s
827.328	827.52	s
827.52	827.712	s
827.712	827.904	s
827.904	828.096	s
828.096	828.288	s
828.288	828.48	s
829.6320000000001	829.8240000000001	s
829.8240000000001	830.016	s
830.016	830.208	s
830.208	830.4	s
830.4	830.592	s
830.592	830.784	s
831.168	831.36	s
831.36	831.552	s
831.552	831.744	s
831.744	831.936	s
831.936	832.128	s
832.128	832.32	s
832.32	832.5120000000001	s
832.5120000000001	832.7040000000001	s
832.7040000000001	832.8960000000001	s
832.8960000000001	833.088	s
833.088	833.28	s
833.28	833.472	s
833.472	833.664	s
833.664	833.856	s
833.856	834.048	s
836.352	836.544	s
836.544	836.736	s
836.736	836.928	s
836.928	837.12	s
837.12	837.312	s
849.984	850.176	m
850.176	850.368	m
850.368	850.5600000000001	m
850.5600000000001	850.7520000000001	m
850.7520000000001	850.9440000000001	m
850.9440000000001	851.136	m
851.136	851.328	m
851.328	851.52	m
851.52	851.712	m
851.712	851.904	m
851.904	852.096	m
852.096	852.288	m
852.288	852.48	m
852.48	852.672	m
852.672	852.864	m
852.864	853.056	m
853.056	853.248	m
853.248	853.44	m
853.44	853.6320000000001	m
853.6320000000001	853.8240000000001	m
853.8240000000001	854.016	m
854.016	854.208	m
854.208	854.4	m
854.4	854.592	m
854.592	854.784	m
854.784	854.976	m
854.976	855.168	m
855.168	855.36	m
855.36	855.552	m
855.552	855.744	m
855.744	855.936	m
855.936	856.128	m
856.128	856.32	m
856.32	856.5120000000001	m
856.5120000000001	856.7040000000001	m
856.7040000000001	856.8960000000001	m
856.8960000000001	857.088	m
857.088	857.28	m
857.28	857.472	m
857.472	857.664	m
857.664	857.856	m
857.856	858.048	m
858.048	858.24	m
858.24	858.432	m
858.432	858.624	m
858.624	858.816	m
858.816	859.008	m
859.008	859.2	m
859.2	859.392	m
859.392	859.5840000000001	m
859.5840000000001	859.7760000000001	m
859.7760000000001	859.9680000000001	m
859.9680000000001	860.16	m
860.16	860.352	m
860.352	860.544	m
860.544	860.736	m
860.736	860.928	m
860.928	861.12	m
861.12	861.312	m
861.312	861.504	m
861.504	861.696	m
861.696	861.888	m
861.888	862.08	m
862.08	862.272	m
862.272	862.464	m
862.464	862.6560000000001	m
862.6560000000001	862.8480000000001	m
862.8480000000001	863.04	m
863.04	863.232	m
863.232	863.424	m
863.424	863.616	m
863.616	863.808	m
863.808	864.0	m
864.0	864.192	m
864.192	864.384	m
864.384	864.576	m
864.576	864.768	m
864.768	864.96	m
864.96	865.152	m
865.152	865.344	m
865.344	865.5360000000001	m
865.5360000000001	865.7280000000001	m
865.7280000000001	865.9200000000001	m
865.9200000000001	866.112	m
866.112	866.304	m
866.304	866.496	m
866.496	866.688	m
866.688	866.88	m
866.88	867.072	m
866.88	867.072	s
867.072	867.264	m
867.072	867.264	s
867.264	867.456	m
867.264	867.456	s
867.456	867.648	m
867.456	867.648	s
867.648	867.84	m
867.648	867.84	s
867.84	868.032	m
867.84	868.032	s
868.032	868.224	m
868.032	868.224	s
868.224	868.416	m
868.224	868.416	s
868.416	868.6080000000001	m
868.416	868.6080000000001	s
868.6080000000001	868.8000000000001	m
868.6080000000001	868.8000000000001	s
868.8000000000001	868.992	m
868.8000000000001	868.992	s
868.992	869.184	m
868.992	869.184	s
869.184	869.376	m
869.184	869.376	s
869.376	869.568	m
869.376	869.568	s
869.568	869.76	m
869.76	869.952	m
869.952	870.144	m
870.144	870.336	m
870.336	870.528	m
870.528	870.72	m
870.72	870.912	m
870.912	871.104	m
871.104	871.296	m
871.296	871.488	m
871.488	871.6800000000001	m
871.6800000000001	871.8720000000001	m
871.8720000000001	872.064	m
872.064	872.256	m
872.256	872.448	m
872.448	872.64	m
872.64	872.832	m
872.832	873.024	m
873.024	873.216	m
873.216	873.408	m
873.408	873.6	m
873.6	873.792	m
873.792	873.984	m
873.984	874.176	m
874.176	874.368	m
874.368	874.5600000000001	m
874.5600000000001	874.7520000000001	m
874.7520000000001	874.9440000000001	m
874.9440000000001	875.136	m
875.136	875.328	m
875.328	875.52	m
875.52	875.712	m
875.712	875.904	m
875.904	876.096	m
876.096	876.288	m
876.288	876.48	m
876.48	876.672	m
876.672	876.864	m
876.864	877.056	m
877.056	877.248	m
877.248	877.44	m
877.44	877.6320000000001	m
877.6320000000001	877.8240000000001	m
877.8240000000001	878.016	m
878.016	878.208	m
878.208	878.4	m
878.4	878.592	m
878.592	878.784	m
878.784	878.976	m
878.976	879.168	m
879.168	879.36	m
879.36	879.552	m
879.552	879.744	m
879.744	879.936	m
879.936	880.128	m
880.128	880.32	m
880.32	880.5120000000001	m
880.5120000000001	880.7040000000001	m
880.7040000000001	880.8960000000001	m
880.8960000000001	881.088	m
881.088	881.28	m
881.28	881.472	m
881.472	881.664	m
881.664	881.856	m
881.856	882.048	m
882.048	882.24	m
882.24	882.432	m
882.432	882.624	m
882.624	882.816	m
882.816	883.008	m
883.008	883.2	m
883.2	883.392	m
883.392	883.5840000000001	m
883.5840000000001	883.7760000000001	m
883.7760000000001	883.9680000000001	m
883.9680000000001	884.16	m
884.16	884.352	m
884.352	884.544	m
884.544	884.736	m
884.736	884.928	m
884.928	885.12	m
885.12	885.312	m
885.312	885.504	m
885.504	885.696	m
885.696	885.888	m
885.888	886.08	m
886.08	886.272	m
886.272	886.464	m
886.464	886.6560000000001	m
886.6560000000001	886.8480000000001	m
886.8480000000001	887.04	m
887.04	887.232	m
887.232	887.424	m
887.424	887.616	m
887.616	887.808	m
887.808	888.0	m
888.0	888.192	m
888.192	888.384	m
888.384	888.576	m
888.576	888.768	m
888.768	888.96	m
888.96	889.152	m
889.152	889.344	m
889.344	889.5360000000001	m
889.5360000000001	889.7280000000001	m
889.7280000000001	889.9200000000001	m
889.9200000000001	890.112	m
890.112	890.304	m
890.304	890.496	m
890.496	890.688	m
890.688	890.88	m
890.88	891.072	m
891.072	891.264	m
891.264	891.456	m
891.456	891.648	m
891.648	891.84	m
891.84	892.032	m
892.032	892.224	m
892.224	892.416	m
892.416	892.6080000000001	m
892.6080000000001	892.8000000000001	m
892.8000000000001	892.992	m
892.992	893.184	m
893.184	893.376	m
893.376	893.568	m
893.568	893.76	m
893.76	893.952	m
893.76	893.952	s
893.952	894.144	m
893.952	894.144	s
894.144	894.336	m
894.144	894.336	s
894.336	894.528	m
894.336	894.528	s
894.528	894.72	m
894.528	894.72	s
894.72	894.912	m
894.72	894.912	s
894.912	895.104	m
894.912	895.104	s
895.104	895.296	m
895.104	895.296	s
895.296	895.488	m
895.296	895.488	s
895.488	895.6800000000001	m
895.6800000000001	895.8720000000001	m
895.8720000000001	896.064	m
896.064	896.256	m
896.256	896.448	m
896.448	896.64	m
896.64	896.832	m
896.832	897.024	m
897.024	897.216	m
897.216	897.408	m
897.408	897.6	m
897.6	897.792	m
897.792	897.984	m
897.984	898.176	m
897.984	898.176	s
898.176	898.368	m
898.176	898.368	s
898.368	898.5600000000001	m
898.368	898.5600000000001	s
898.5600000000001	898.7520000000001	m
898.5600000000001	898.7520000000001	s
898.7520000000001	898.9440000000001	m
898.9440000000001	899.136	m
899.136	899.328	m
899.328	899.52	m
899.52	899.712	m
899.712	899.904	m
